-- MySQL dump 10.13  Distrib 8.0.19, for Win64 (x86_64)
--
-- Host: localhost    Database: cook
-- ------------------------------------------------------
-- Server version	9.7.0

/*!40101 SET @OLD_CHARACTER_SET_CLIENT=@@CHARACTER_SET_CLIENT */;
/*!40101 SET @OLD_CHARACTER_SET_RESULTS=@@CHARACTER_SET_RESULTS */;
/*!40101 SET @OLD_COLLATION_CONNECTION=@@COLLATION_CONNECTION */;
/*!50503 SET NAMES utf8mb4 */;
/*!40103 SET @OLD_TIME_ZONE=@@TIME_ZONE */;
/*!40103 SET TIME_ZONE='+00:00' */;
/*!40014 SET @OLD_UNIQUE_CHECKS=@@UNIQUE_CHECKS, UNIQUE_CHECKS=0 */;
/*!40014 SET @OLD_FOREIGN_KEY_CHECKS=@@FOREIGN_KEY_CHECKS, FOREIGN_KEY_CHECKS=0 */;
/*!40101 SET @OLD_SQL_MODE=@@SQL_MODE, SQL_MODE='NO_AUTO_VALUE_ON_ZERO' */;
/*!40111 SET @OLD_SQL_NOTES=@@SQL_NOTES, SQL_NOTES=0 */;
SET @MYSQLDUMP_TEMP_LOG_BIN = @@SESSION.SQL_LOG_BIN;
SET @@SESSION.SQL_LOG_BIN= 0;

--
-- GTID state at the beginning of the backup 
--

SET @@GLOBAL.GTID_PURGED=/*!80000 '+'*/ '7770c118-4f45-11f1-8966-00a554d55a0b:1-2132,
cf630ae2-513e-11f1-b20e-0a002700000f:1-4826';

--
-- Table structure for table `board`
--

DROP TABLE IF EXISTS `board`;
/*!40101 SET @saved_cs_client     = @@character_set_client */;
/*!50503 SET character_set_client = utf8mb4 */;
CREATE TABLE `board` (
  `board_id` bigint NOT NULL AUTO_INCREMENT,
  `member_id` bigint NOT NULL,
  `title` varchar(200) NOT NULL,
  `content` text NOT NULL,
  `view_count` int DEFAULT '0',
  `status` varchar(20) DEFAULT NULL,
  `created_date` datetime DEFAULT CURRENT_TIMESTAMP,
  `updated_date` datetime DEFAULT NULL,
  `recipe_id` bigint NOT NULL,
  `img_id` int DEFAULT NULL,
  PRIMARY KEY (`board_id`),
  KEY `fk_board_member` (`member_id`),
  KEY `fk_board_recipe` (`recipe_id`),
  KEY `fk_board_img` (`img_id`),
  CONSTRAINT `fk_board_img` FOREIGN KEY (`img_id`) REFERENCES `img` (`img_id`),
  CONSTRAINT `fk_board_member` FOREIGN KEY (`member_id`) REFERENCES `member` (`member_id`),
  CONSTRAINT `fk_board_recipe` FOREIGN KEY (`recipe_id`) REFERENCES `recipe` (`recipe_id`)
) ENGINE=InnoDB AUTO_INCREMENT=12 DEFAULT CHARSET=utf8mb4 COLLATE=utf8mb4_0900_ai_ci;
/*!40101 SET character_set_client = @saved_cs_client */;

--
-- Dumping data for table `board`
--

LOCK TABLES `board` WRITE;
/*!40000 ALTER TABLE `board` DISABLE KEYS */;
INSERT INTO `board` VALUES (1,1,'오늘 저녁으로 김치찌개 끓였는데 대성공입니다!','레시피 탭에 있는 대로 쌀뜨물 넣고 푹 끓였더니 깊은 맛이 예술이네요. 다들 꼭 해보세요!',35,'정상','2026-05-29 10:12:59',NULL,1,1),(2,1,'김치찌개 레시피 보고 따라 했는데 대성공이에요!','맨날 맛내기 실패했었는데 쌀뜨물 넣고 오래 끓이니까 진짜 깊은 맛 나네요 ㅠㅠ 감동입니다.',45,'정상','2026-05-29 10:12:59',NULL,1,1),(3,1,'오늘 저녁은 냉장고 털어서 만든 김치찌개랑 계란말이','재료 다 털어 넣고 한 냄비 끓였는데 밥 두 공기 순삭했습니다. 역시 이 레시피가 최고네요.',12,'정상','2026-05-29 10:12:59',NULL,1,1),(4,1,'초보 요리사분들 이 김치찌개는 꼭 필독하셔야 합니다','제가 요리 똥손인데도 맛이 납니다. 양념장 비율이 황금 비율이에요. 다들 두 번 해 드세요.',88,'정상','2026-05-29 10:12:59',NULL,1,1),(5,1,'남편이 먹어보고 파는 것보다 맛있대요 ㅋㅋ','칭찬 인색한 사람인데 국물 한 입 먹자마자 크어 소리 내면서 흡입하네요. 뿌듯합니다.',56,'정상','2026-05-29 10:12:59',NULL,1,1),(6,1,'자취생들에게 빛과 소금 같은 찌개 레시피 공유','재료 간단하고 20분이면 완성이라 퇴근하고 맨날 이것만 해 먹는 중입니다. 진짜 최고!',23,'정상','2026-05-29 10:12:59',NULL,1,1),(7,1,'집들이 음식으로 냈는데 인기 폭발이었습니다','거창한 요리보다 역시 한국인은 김치찌개인가 봐요. 다들 국물 비법이 뭐냐고 물어보네요.',104,'정상','2026-05-29 10:12:59',NULL,1,1),(8,1,'스팸이랑 두부 더 넣어서 끓여봤는데 더 맛있네요','기본 돼지고기 베이스에 스팸까지 으깨 넣으니까 부대찌개 느낌도 나고 국물이 걸쭉해요.',31,'정상','2026-05-29 10:12:59',NULL,1,1),(9,1,'이거 끓일 때 참기름에 고기 먼저 볶는 게 팁인가요?','레시피대로 고기 달달 볶다가 김치 넣으니까 잡내 하나도 안 나고 고소함이 장난 아닙니다.',67,'정상','2026-05-29 10:12:59',NULL,1,1),(10,1,'신김치가 신의 한 수네요. 진짜 맛있습니다.','마침 냉장고에 엄청 신 김치 있어서 처치 곤란이었는데 찌개로 끓이니까 완벽하게 해결됐어요.',19,'정상','2026-05-29 10:12:59',NULL,1,1),(11,1,'국물 요리 유목민이었는데 드디어 정착합니다','인터넷에 도는 레시피 다 따라 해봐도 밍밍했는데 이건 간이 딱 맞아요. 인생 레시피 등극!',150,'정상','2026-05-29 10:12:59',NULL,1,1);
/*!40000 ALTER TABLE `board` ENABLE KEYS */;
UNLOCK TABLES;

--
-- Table structure for table `bookmark`
--

DROP TABLE IF EXISTS `bookmark`;
/*!40101 SET @saved_cs_client     = @@character_set_client */;
/*!50503 SET character_set_client = utf8mb4 */;
CREATE TABLE `bookmark` (
  `bookmark_id` bigint NOT NULL AUTO_INCREMENT,
  `recipe_id` bigint NOT NULL,
  `member_id` bigint NOT NULL,
  `created_date` datetime DEFAULT CURRENT_TIMESTAMP,
  PRIMARY KEY (`bookmark_id`),
  KEY `fk_bookmark_recipe` (`recipe_id`),
  KEY `fk_bookmark_member` (`member_id`),
  CONSTRAINT `fk_bookmark_member` FOREIGN KEY (`member_id`) REFERENCES `member` (`member_id`),
  CONSTRAINT `fk_bookmark_recipe` FOREIGN KEY (`recipe_id`) REFERENCES `recipe` (`recipe_id`)
) ENGINE=InnoDB AUTO_INCREMENT=2 DEFAULT CHARSET=utf8mb4 COLLATE=utf8mb4_0900_ai_ci;
/*!40101 SET character_set_client = @saved_cs_client */;

--
-- Dumping data for table `bookmark`
--

LOCK TABLES `bookmark` WRITE;
/*!40000 ALTER TABLE `bookmark` DISABLE KEYS */;
INSERT INTO `bookmark` VALUES (1,1,1,'2026-05-29 10:12:59');
/*!40000 ALTER TABLE `bookmark` ENABLE KEYS */;
UNLOCK TABLES;

--
-- Table structure for table `category`
--

DROP TABLE IF EXISTS `category`;
/*!40101 SET @saved_cs_client     = @@character_set_client */;
/*!50503 SET character_set_client = utf8mb4 */;
CREATE TABLE `category` (
  `category_id` int NOT NULL AUTO_INCREMENT,
  `category_name` varchar(50) NOT NULL,
  `sub_category_name` varchar(50) NOT NULL,
  `sort_order` int DEFAULT NULL,
  PRIMARY KEY (`category_id`)
) ENGINE=InnoDB AUTO_INCREMENT=110 DEFAULT CHARSET=utf8mb4 COLLATE=utf8mb4_0900_ai_ci;
/*!40101 SET character_set_client = @saved_cs_client */;

--
-- Dumping data for table `category`
--

LOCK TABLES `category` WRITE;
/*!40000 ALTER TABLE `category` DISABLE KEYS */;
INSERT INTO `category` VALUES (1,'상황별추천','혼밥',1),(2,'상황별추천','홈파티',2),(3,'상황별추천','술안주',3),(4,'상황별추천','캠핑요리',4),(5,'상황별추천','아이간식',5),(6,'상황별추천','SNS 화제 음식',6),(7,'상황별추천','해장요리',7),(8,'상황별추천','비 오는 날 추천',8),(9,'상황별추천','홈 다이닝',9),(10,'한식','국/찌개',10),(11,'한식','볶음/조림',11),(12,'한식','밑반찬',12),(13,'한식','김치',13),(14,'한식','덮밥/비빔밥',14),(15,'한식','면요리',15),(16,'한식','전/튀김',16),(17,'한식','고기요리/구이',17),(18,'한식','해산물요리',18),(19,'한식','명절요리',19),(20,'양식','파스타',20),(21,'양식','피자',21),(22,'양식','스테이크/바비큐',22),(23,'양식','리조또/필라프',23),(24,'양식','샌드위치/버거',24),(25,'양식','커틀릿/튀김',25),(26,'양식','스프/스튜',26),(27,'양식','그라탕/오븐요리',27),(28,'양식','오일/팬요리',28),(29,'양식','브런치',29),(30,'중식','중식면',30),(31,'중식','중식밥',31),(32,'중식','고기튀김',32),(33,'중식','해물튀김',33),(34,'중식','볶음요리',34),(35,'중식','탕/스프',35),(36,'중식','만두/딤섬',36),(37,'중식','냉채',37),(38,'중식','두부/채소',38),(39,'중식','마라/퓨전',39),(40,'일식','초밥/롤',40),(41,'일식','돈부리/덮밥',41),(42,'일식','우동/소바',42),(43,'일식','라멘',43),(44,'일식','카레',44),(45,'일식','돈카츠/튀김',45),(46,'일식','구이요리',46),(47,'일식','나베/전골',47),(48,'일식','철판요리',48),(49,'일식','일식가정식',49),(50,'아시안','쌀국수',50),(51,'아시안','아시안밥',51),(52,'아시안','커리',52),(53,'아시안','스프/탕',53),(54,'아시안','고기요리',54),(55,'아시안','해물요리',55),(56,'아시안','볶음요리',56),(57,'아시안','사이드/튀김',57),(58,'아시안','아시안쌈',58),(59,'아시안','모닝글로리',59),(60,'건강식/다이어트','샐러드',60),(61,'건강식/다이어트','포케/웜볼',61),(62,'건강식/다이어트','닭가슴살',62),(63,'건강식/다이어트','두부/묵',63),(64,'건강식/다이어트','계란요리',64),(65,'건강식/다이어트','식단밥/죽',65),(66,'건강식/다이어트','샌드위치/랩',66),(67,'건강식/다이어트','야채/찜요리',67),(68,'건강식/다이어트','생선/해산물',68),(69,'건강식/다이어트','주스/스무디',69),(70,'초간단요리','원팬/원팟',70),(71,'초간단요리','전자레인지',71),(72,'초간단요리','에어프라이어',72),(73,'초간단요리','5분토스트',73),(74,'초간단요리','한그릇밥',74),(75,'초간단요리','간단면식',75),(76,'초간단요리','비빔/무침',76),(77,'초간단요리','밀키트/시판',77),(78,'초간단요리','노오븐디저트',78),(79,'초간단요리','남은재료처리',79),(80,'디저트','젤리/푸딩',80),(81,'디저트','샤베트/빙수',81),(82,'디저트','과일간식',82),(83,'디저트','떡/한과',83),(84,'디저트','초콜릿/사탕',84),(85,'디저트','노오븐디저트',85),(86,'디저트','요거트',86),(87,'디저트','샌드/영양바',87),(88,'디저트','튀김간식',88),(89,'디저트','구황작물',89),(90,'베이킹','식빵/모닝빵',90),(91,'베이킹','쿠키',91),(92,'베이킹','케이크',92),(93,'베이킹','타르트/파이',93),(94,'베이킹','머핀/컵케이크',94),(95,'베이킹','구움과자',95),(96,'베이킹','와플/팬케이크',96),(97,'베이킹','비건베이킹',97),(98,'베이킹','패스트리',98),(99,'베이킹','핑거푸드',99),(100,'음료/차','커피',100),(101,'음료/차','에이드',101),(102,'음료/차','과일주스',102),(103,'음료/차','전통차',103),(104,'음료/차','허브티/홍차',104),(105,'음료/차','라떼/밀크',105),(106,'음료/차','무알코올',106),(107,'음료/차','홈술/칵테일',107),(108,'음료/차','해독/건강차',108),(109,'음료/차','수제청',109);
/*!40000 ALTER TABLE `category` ENABLE KEYS */;
UNLOCK TABLES;

--
-- Table structure for table `chatbot`
--

DROP TABLE IF EXISTS `chatbot`;
/*!40101 SET @saved_cs_client     = @@character_set_client */;
/*!50503 SET character_set_client = utf8mb4 */;
CREATE TABLE `chatbot` (
  `id` int NOT NULL AUTO_INCREMENT,
  `parent_id` int DEFAULT NULL,
  `question` varchar(255) NOT NULL,
  `answer` text,
  `depth` int NOT NULL,
  `sort_order` int DEFAULT '0',
  `use_yn` char(1) DEFAULT 'Y',
  PRIMARY KEY (`id`),
  KEY `fk_chatbot_parent` (`parent_id`),
  CONSTRAINT `fk_chatbot_parent` FOREIGN KEY (`parent_id`) REFERENCES `chatbot` (`id`)
) ENGINE=InnoDB AUTO_INCREMENT=23 DEFAULT CHARSET=utf8mb4 COLLATE=utf8mb4_0900_ai_ci;
/*!40101 SET character_set_client = @saved_cs_client */;

--
-- Dumping data for table `chatbot`
--

LOCK TABLES `chatbot` WRITE;
/*!40000 ALTER TABLE `chatbot` DISABLE KEYS */;
INSERT INTO `chatbot` VALUES (1,NULL,'로그인 및 회원관리',NULL,1,1,'Y'),(2,NULL,'레시피 / 나만의 냉장고',NULL,1,2,'Y'),(3,NULL,'커뮤니티',NULL,1,3,'Y'),(4,NULL,'자주 묻는 질문',NULL,1,4,'Y'),(5,NULL,'문의하기',NULL,1,5,'Y'),(6,1,'로그인이 안 돼요','아이디와 비밀번호를 다시 확인해주세요. 계속 문제가 발생하면 비밀번호 찾기를 이용해주세요.',2,1,'Y'),(7,1,'비밀번호를 잊어버렸어요','로그인 페이지의 비밀번호 찾기 메뉴에서 이메일 인증 후 새 비밀번호를 설정할 수 있습니다.',2,2,'Y'),(8,1,'회원가입은 어떻게 하나요?','회원가입 페이지에서 아이디, 이메일, 비밀번호 입력 후 가입을 진행할 수 있습니다.',2,3,'Y'),(9,1,'회원정보를 수정하고 싶어요','마이페이지에서 닉네임, 비밀번호, 프로필 이미지 등의 정보를 수정할 수 있습니다.',2,4,'Y'),(10,2,'레시피는 어떻게 등록하나요?','로그인 후 레시피 등록 페이지에서 제목, 재료, 조리순서와 이미지를 입력해 등록할 수 있습니다.',2,1,'Y'),(11,2,'레시피 검색은 어떻게 하나요?','상단 검색창에서 음식명, 재료명 또는 카테고리를 입력해 검색할 수 있습니다.',2,2,'Y'),(12,2,'냉장고 재료로 레시피 추천을 받을 수 있나요?','등록된 재료를 기반으로 만들 수 있는 레시피를 추천받을 수 있습니다.',2,3,'Y'),(13,3,'게시글은 어떻게 작성하나요?','게시판 페이지에서 글쓰기 버튼을 눌러 게시글을 작성할 수 있습니다.',2,1,'Y'),(14,3,'댓글은 어떻게 작성하나요?','게시글 상세 페이지 하단 댓글 입력창에서 댓글을 작성할 수 있습니다.',2,2,'Y'),(15,3,'게시글 신고는 어떻게 하나요?','게시글 또는 댓글의 신고 버튼을 눌러 신고할 수 있습니다.',2,3,'Y'),(16,3,'내가 작성한 글은 어디서 보나요?','마이페이지 메뉴에서 확인할 수 있습니다.',2,4,'Y'),(17,4,'이메일 인증이 오지 않아요','이메일 주소를 다시 확인해주세요. 스팸 메일함도 함께 확인해주시기 바랍니다.',2,1,'Y'),(18,4,'관리자 문의 답변은 얼마나 걸리나요?','문의 접수 후 평균 1~3일 이내에 답변을 받을 수 있습니다.',2,2,'Y'),(19,4,'탈퇴 후 재가입이 가능한가요?','회원탈퇴 후 동일한 이메일로 다시 가입할 수 있습니다.',2,3,'Y'),(20,4,'신고당한 게시물은 어떻게 되나요?','신고된 게시물은 관리자 검토 후 숨김 또는 삭제 처리될 수 있습니다.',2,4,'Y'),(21,4,'서비스 점검은 언제 진행되나요?','서비스 점검 일정은 공지사항을 통해 사전 안내됩니다.',2,5,'Y'),(22,5,'관리자에게 문의하기',NULL,2,1,'Y');
/*!40000 ALTER TABLE `chatbot` ENABLE KEYS */;
UNLOCK TABLES;

--
-- Table structure for table `comment`
--

DROP TABLE IF EXISTS `comment`;
/*!40101 SET @saved_cs_client     = @@character_set_client */;
/*!50503 SET character_set_client = utf8mb4 */;
CREATE TABLE `comment` (
  `comment_id` bigint NOT NULL AUTO_INCREMENT,
  `recipe_id` bigint NOT NULL,
  `member_id` bigint NOT NULL,
  `content` text NOT NULL,
  `rating` int DEFAULT NULL,
  `status` varchar(20) DEFAULT NULL,
  `created_date` datetime DEFAULT CURRENT_TIMESTAMP,
  PRIMARY KEY (`comment_id`),
  KEY `fk_comment_recipe` (`recipe_id`),
  KEY `fk_comment_member` (`member_id`),
  CONSTRAINT `fk_comment_member` FOREIGN KEY (`member_id`) REFERENCES `member` (`member_id`),
  CONSTRAINT `fk_comment_recipe` FOREIGN KEY (`recipe_id`) REFERENCES `recipe` (`recipe_id`)
) ENGINE=InnoDB AUTO_INCREMENT=2 DEFAULT CHARSET=utf8mb4 COLLATE=utf8mb4_0900_ai_ci;
/*!40101 SET character_set_client = @saved_cs_client */;

--
-- Dumping data for table `comment`
--

LOCK TABLES `comment` WRITE;
/*!40000 ALTER TABLE `comment` DISABLE KEYS */;
INSERT INTO `comment` VALUES (1,1,1,'진짜 너무 맛있게 잘 먹었습니다! 요리 초보인데도 쉽게 따라했네요.',5,'정상','2026-05-29 10:12:59');
/*!40000 ALTER TABLE `comment` ENABLE KEYS */;
UNLOCK TABLES;

--
-- Table structure for table `cook_order`
--

DROP TABLE IF EXISTS `cook_order`;
/*!40101 SET @saved_cs_client     = @@character_set_client */;
/*!50503 SET character_set_client = utf8mb4 */;
CREATE TABLE `cook_order` (
  `cook_order_id` bigint NOT NULL AUTO_INCREMENT,
  `cook_order` bigint DEFAULT NULL,
  `cook_image` varchar(255) DEFAULT NULL,
  `description` varchar(255) DEFAULT NULL,
  `recipe_id` bigint NOT NULL,
  PRIMARY KEY (`cook_order_id`),
  KEY `recipe_id` (`recipe_id`),
  CONSTRAINT `cook_order_ibfk_1` FOREIGN KEY (`recipe_id`) REFERENCES `recipe` (`recipe_id`) ON DELETE CASCADE
) ENGINE=InnoDB AUTO_INCREMENT=6 DEFAULT CHARSET=utf8mb4 COLLATE=utf8mb4_0900_ai_ci;
/*!40101 SET character_set_client = @saved_cs_client */;

--
-- Dumping data for table `cook_order`
--

LOCK TABLES `cook_order` WRITE;
/*!40000 ALTER TABLE `cook_order` DISABLE KEYS */;
INSERT INTO `cook_order` VALUES (1,1,'step1.jpg','냄비에 고기를 먼저 볶아주세요.',1),(2,2,'step2.jpg','고기가 익으면 썰어둔 김치를 넣고 달달 볶습니다.',1),(3,3,'step3.jpg','물을 붓고 두부를 넣은 뒤 10분간 끓여 완성합니다.',1),(4,1,'step4.jpg','고기에 간장 양념을 넣고 20분간 재워둡니다.',2),(5,2,'step5.jpg','달군 팬에 고기와 양파를 넣고 강불에 빠르게 볶아냅니다.',2);
/*!40000 ALTER TABLE `cook_order` ENABLE KEYS */;
UNLOCK TABLES;

--
-- Table structure for table `food`
--

DROP TABLE IF EXISTS `food`;
/*!40101 SET @saved_cs_client     = @@character_set_client */;
/*!50503 SET character_set_client = utf8mb4 */;
CREATE TABLE `food` (
  `food_id` bigint NOT NULL AUTO_INCREMENT,
  `food_name` varchar(255) NOT NULL,
  `category_id` int DEFAULT NULL,
  PRIMARY KEY (`food_id`),
  KEY `fk_food_category` (`category_id`),
  CONSTRAINT `fk_food_category` FOREIGN KEY (`category_id`) REFERENCES `category` (`category_id`) ON DELETE CASCADE
) ENGINE=InnoDB AUTO_INCREMENT=1527 DEFAULT CHARSET=utf8mb4 COLLATE=utf8mb4_0900_ai_ci;
/*!40101 SET character_set_client = @saved_cs_client */;

--
-- Dumping data for table `food`
--

LOCK TABLES `food` WRITE;
/*!40000 ALTER TABLE `food` DISABLE KEYS */;
INSERT INTO `food` VALUES (1,'스팸마요덮밥',1),(2,'간장계란밥',1),(3,'1인용 부대찌개',1),(4,'자취생 김치볶음밥',1),(5,'밀푀유나베',2),(6,'감바스 알 아히요',2),(7,'찹스테이크',2),(8,'브루스케타',2),(9,'콘치즈',3),(10,'오뎅탕',3),(11,'바지락술찜',3),(12,'매운닭발',3),(13,'비어캔치킨',4),(14,'모둠꼬치구이',4),(15,'캠핑용 짜글이',4),(16,'마시멜로구이',4),(17,'미니핫도그',5),(18,'소떡소떡',5),(19,'고구마맛탕',5),(20,'계란과자',5),(21,'접어먹는김밥',6),(22,'원팬파스타',6),(23,'마라로제떡볶이',6),(24,'봄동비빔밥',6),(25,'황태해장국',7),(26,'콩나물국밥',7),(27,'짬뽕',7),(28,'순대국',7),(29,'해물파전',8),(30,'김치전',8),(31,'수제비',8),(32,'칼국수',8),(33,'트러플뇨끼',9),(34,'비프부르기뇽',9),(35,'랍스터테일구이',9),(36,'관자버터구이',9),(37,'김치찌개',10),(38,'된장찌개',10),(39,'순두부찌개',10),(40,'동태찌개',10),(41,'제육볶음',11),(42,'오징어볶음',11),(43,'감자조림',11),(44,'두부조림',11),(45,'멸치볶음',12),(46,'진미채볶음',12),(47,'콩자반',12),(48,'어묵볶음',12),(49,'배추김치',13),(50,'깍두기',13),(51,'총각김치',13),(52,'파김치',13),(53,'전주비빔밥',14),(54,'낙지덮밥',14),(55,'육회비빔밥',14),(56,'돌솥비빔밥',14),(57,'잔치국수',15),(58,'비빔국수',15),(59,'막국수',15),(60,'쫄면',15),(61,'동태전',16),(62,'애호박전',16),(63,'고추튀김',16),(64,'새우튀김',16),(65,'삼겹살구이',17),(66,'소불고기',17),(67,'갈비구이',17),(68,'떡갈비',17),(69,'갈치조림',18),(70,'고등어구이',18),(71,'해물찜',18),(72,'아구찜',18),(73,'소갈비찜',19),(74,'잡채',19),(75,'떡국',19),(76,'나물무침',19),(77,'까르보나라',20),(78,'알리오올리오',20),(79,'토마토파스타',20),(80,'봉골레파스타',20),(81,'마르게리따 피자',21),(82,'고르곤졸라 피자',21),(83,'페퍼로니 피자',21),(84,'하와이안 피자',21),(85,'안심스테이크',22),(86,'등심스테이크',22),(87,'티본스테이크',22),(88,'바베큐폭립',22),(89,'버섯리조또',23),(90,'해산물리조또',23),(91,'김치필라프',23),(92,'새우필라프',23),(93,'수제버거',24),(94,'BLT샌드위치',24),(95,'치킨버거',24),(96,'에그샌드위치',24),(97,'돈까스',25),(98,'치즈돈까스',25),(99,'생선까스',25),(100,'새우튀김',25),(101,'양송이스프',26),(102,'콘스프',26),(103,'단호박스프',26),(104,'굴라쉬',26),(105,'치즈그라탕',27),(106,'마카로니치즈',27),(107,'라자냐',27),(108,'감자그라탕',27),(109,'감바스 알 아히요',28),(110,'관자오일구이',28),(111,'버터갈릭새우',28),(112,'명란버터구이',28),(113,'에그베네딕트',29),(114,'프렌치토스트',29),(115,'팬케이크',29),(116,'아보카도오픈토스트',29),(117,'짜장면',30),(118,'짬뽕',30),(119,'우동(중식)',30),(120,'울면',30),(121,'새우볶음밥',31),(122,'마파두부밥',31),(123,'잡채밥',31),(124,'유산슬밥',31),(125,'탕수육',32),(126,'꿔바로우',32),(127,'깐풍기',32),(128,'유린기',32),(129,'칠리새우',33),(130,'크림새우',33),(131,'깐풍새우',33),(132,'멘보샤',33),(133,'고추잡채',34),(134,'유산슬',34),(135,'팔보채',34),(136,'동파육',34),(137,'짬뽕탕',35),(138,'계란탕',35),(139,'누룽지탕',35),(140,'게살스프',35),(141,'샤오롱바오',36),(142,'군만두',36),(143,'물만두',36),(144,'하가우',36),(145,'양장피',37),(146,'오향장육',37),(147,'해파리냉채',37),(148,'건두부무침',37),(149,'마파두부',38),(150,'어향가지',38),(151,'지삼선',38),(152,'건두부볶음',38),(153,'마라샹궈',39),(154,'마라탕',39),(155,'마라롱샤',39),(156,'토마토계란볶음',39),(157,'연어초밥',40),(158,'광어초밥',40),(159,'캘리포니아롤',40),(160,'새우초밥',40),(161,'가츠동',41),(162,'규동',41),(163,'사케동',41),(164,'텐동',41),(165,'가케우동',42),(166,'냉소바',42),(167,'야끼우동',42),(168,'자루소바',42),(169,'돈코츠라멘',43),(170,'미소라멘',43),(171,'쇼유라멘',43),(172,'탄탄멘',43),(173,'일본식카레',44),(174,'카츠카레',44),(175,'고로케카레',44),(176,'해물카레',44),(177,'에비후라이',45),(178,'돈카츠',45),(179,'가라아게',45),(180,'고로케',45),(181,'메로구이',46),(182,'시샤모구이',46),(183,'연어머리구이',46),(184,'야키토리',46),(185,'스키야키',47),(186,'모츠나베',47),(187,'밀푀유나베',47),(188,'샤브샤브',47),(189,'오코노미야끼',48),(190,'야끼소바',48),(191,'몬자야끼',48),(192,'철판스테이크',48),(193,'니쿠자가',49),(194,'명란계란말이',49),(195,'돼지고기생강구이',49),(196,'아게다시도후',49),(197,'양지쌀국수',50),(198,'해물쌀국수',50),(199,'똠얌쌀국수',50),(200,'분보후에',50),(201,'나시고랭',51),(202,'파인애플볶음밥',51),(203,'카오팟',51),(204,'돼지고기덮밥',51),(205,'푸팟퐁커리',52),(206,'그린커리',52),(207,'레드커리',52),(208,'마사만커리',52),(209,'똠얌꿍',53),(210,'바쿠테',53),(211,'치킨스프',53),(212,'마라탕(아시안)',53),(213,'껌승',54),(214,'무사태',54),(215,'차슈',54),(216,'태국식항정살구이',54),(217,'칠리크랩',55),(218,'버터갈릭크랩',55),(219,'블랙페퍼크랩',55),(220,'피쉬소스연어',55),(221,'팟타이',56),(222,'팟씨유',56),(223,'미고랭',56),(224,'분짜',56),(225,'짜조',57),(226,'스프링롤',57),(227,'새우칩',57),(228,'텃만꿍',57),(229,'월남쌈',58),(230,'반미',58),(231,'레터스랩',58),(232,'페킹덕쌈',58),(233,'공심채볶음',59),(234,'모닝글로리볶음',59),(235,'청경채볶음',59),(236,'숙주볶음',59),(237,'리코타치즈샐러드',60),(238,'닭가슴살샐러드',60),(239,'단호박샐러드',60),(240,'연어샐러드',60),(241,'연어포케',61),(242,'참치포케',61),(243,'두부웜볼',61),(244,'스테이크포케',61),(245,'수비드닭가슴살',62),(246,'닭가슴살소시지',62),(247,'닭가슴살스테이크',62),(248,'닭가슴살육포',62),(249,'도토리묵무침',63),(250,'두부김치',63),(251,'연두부샐러드',63),(252,'건두부무침',63),(253,'치즈오믈렛',64),(254,'삶은계란',64),(255,'계란말이',64),(256,'수란',64),(257,'곤약볶음밥',65),(258,'현미밥',65),(259,'귀리죽',65),(260,'전복죽',65),(261,'닭가슴살랩',66),(262,'통밀샌드위치',66),(263,'아보카도샌드위치',66),(264,'베지랩',66),(265,'단호박찜',67),(266,'야채찜',67),(267,'양배추쌈',67),(268,'브로콜리찜',67),(269,'연어스테이크',68),(270,'고등어구이',68),(271,'가자미구이',68),(272,'새우찜',68),(273,'케일사과주스',69),(274,'ABC주스',69),(275,'해독주스',69),(276,'토마토주스',69),(277,'원팬파스타',70),(278,'원팬토스트',70),(279,'원팟리조또',70),(280,'원팬스테이크',70),(281,'전자레인지계란찜',71),(282,'컵라면볶음밥',71),(283,'전자레인지브라우니',71),(284,'마약토스트',71),(285,'통삼겹구이',72),(286,'에어프라이어치킨',72),(287,'고구마스틱',72),(288,'군밤',72),(289,'길거리토스트',73),(290,'프렌치토스트',73),(291,'카야토스트',73),(292,'마늘빵',73),(293,'간장계란밥',74),(294,'스팸마요덮밥',74),(295,'참치마요덮밥',74),(296,'버터장조림밥',74),(297,'간장비빔국수',75),(298,'비빔면',75),(299,'김치말이국수',75),(300,'냉면',75),(301,'골뱅이무침',76),(302,'오이무침',76),(303,'단무지무침',76),(304,'상추겉절이',76),(305,'냉동피자',77),(306,'밀키트부대찌개',77),(307,'즉석떡볶이',77),(308,'레토르트카레',77),(309,'떠먹는티라미수',78),(310,'오레오아이스박스',78),(311,'바나나푸딩',78),(312,'전자레인지케이크',78),(313,'자투리야채볶음밥',79),(314,'남은치킨마요덮밥',79),(315,'김치찌개활용볶음밥',79),(316,'잡탕찌개',79),(317,'우유푸딩',80),(318,'과일젤리',80),(319,'커스터드푸딩',80),(320,'곤약젤리',80),(321,'눈꽃빙수',81),(322,'망고빙수',81),(323,'팥빙수',81),(324,'레몬샤베트',81),(325,'과일화채',82),(326,'탕후루',82),(327,'과일사라다',82),(328,'멜론프로슈토',82),(329,'인절미',83),(330,'찹쌀떡',83),(331,'가래떡구이',83),(332,'꿀떡',83),(333,'생초콜릿',84),(334,'페퍼민트사탕',84),(335,'트러플초콜릿',84),(336,'달고나',84),(337,'딸기크레이프케이크',85),(338,'노오븐치즈케이크',85),(339,'아이스박스',85),(340,'초코무스',85),(341,'그릭요거트',86),(342,'플레인요거트',86),(343,'요거트볼',86),(344,'마시는요거트',86),(345,'단백질바',87),(346,'에너지바',87),(347,'시리얼바',87),(348,'누가크래커',87),(349,'츄러스',88),(350,'꽈배기',88),(351,'치즈볼',88),(352,'핫도그',88),(353,'고구마맛탕',89),(354,'군고구마',89),(355,'감자전',89),(356,'옥수수버터구이',89),(357,'우유식빵',90),(358,'모닝빵',90),(359,'밤식빵',90),(360,'옥수수식빵',90),(361,'초코칩쿠키',91),(362,'마카다미아쿠키',91),(363,'버터쿠키',91),(364,'아몬드튀일',91),(365,'딸기생크림케이크',92),(366,'당근케이크',92),(367,'초코케이크',92),(368,'치즈케이크',92),(369,'에그타르트',93),(370,'호두파이',93),(371,'치즈타르트',93),(372,'애플파이',93),(373,'블루베리머핀',94),(374,'초코머핀',94),(375,'바나나머핀',94),(376,'레드벨벳컵케이크',94),(377,'마들렌',95),(378,'휘낭시에',95),(379,'까눌레',95),(380,'다쿠아즈',95),(381,'수플레팬케이크',96),(382,'벨기에와플',96),(383,'크로플',96),(384,'핫케이크',96),(385,'비건브라우니',97),(386,'두부과자',97),(387,'통밀스콘',97),(388,'노버터쿠키',97),(389,'크루아상',98),(390,'뺑오쇼콜라',98),(391,'애플턴오버',98),(392,'팔미까레',98),(393,'카나페',99),(394,'미니타르트',99),(395,'브루스케타',99),(396,'마카롱',99),(397,'아메리카노',100),(398,'카페라떼',100),(399,'콜드브루',100),(400,'카푸치노',100),(401,'레몬에이드',101),(402,'청포도에이드',101),(403,'자몽에이드',101),(404,'체리에이드',101),(405,'오렌지주스',102),(406,'사과주스',102),(407,'토마토주스',102),(408,'딸기바나나주스',102),(409,'쌍화차',103),(410,'대추차',103),(411,'수정과',103),(412,'식혜',103),(413,'얼그레이티',104),(414,'캐모마일티',104),(415,'페퍼민트티',104),(416,'루이보스티',104),(417,'바닐라라떼',105),(418,'녹차라떼',105),(419,'고구마라떼',105),(420,'딸기라떼',105),(421,'무알콜모히또',106),(422,'피나콜라다(무알콜)',106),(423,'셜리템플',106),(424,'무알콜맥주',106),(425,'하이볼',107),(426,'깔루아밀크',107),(427,'마가리타',107),(428,'샹그리아',107),(429,'콤부차',108),(430,'디톡스워터',108),(431,'돼지감자차',108),(432,'보리차',108),(433,'수제자몽청',109),(434,'레몬청',109),(435,'청귤청',109),(436,'백향과청',109),(437,'고구마구이',1),(438,'마늘구이',1),(439,'오징어구이',1),(440,'관자구이',1),(441,'바지락구이',1),(442,'베이컨구이',1),(443,'토마토구이',1),(444,'날치알구이',1),(445,'낙지구이',1),(446,'양배추구이',1),(447,'바지락구이',2),(448,'브로콜리구이',2),(449,'토마토구이',2),(450,'고구마구이',2),(451,'닭고기구이',2),(452,'대파구이',2),(453,'베이컨구이',2),(454,'계란구이',2),(455,'돼지고기구이',2),(456,'오징어구이',2),(457,'고구마 술안주',3),(458,'치즈 술안주',3),(459,'시금치 술안주',3),(460,'단호박 술안주',3),(461,'토마토 술안주',3),(462,'참치 술안주',3),(463,'대파 술안주',3),(464,'바지락 술안주',3),(465,'브로콜리 술안주',3),(466,'버섯 술안주',3),(467,'전복구이',4),(468,'바지락구이',4),(469,'관자구이',4),(470,'날치알구이',4),(471,'브로콜리구이',4),(472,'소고기구이',4),(473,'토마토구이',4),(474,'참치구이',4),(475,'대파구이',4),(476,'우삼겹구이',4),(477,'관자아이',5),(478,'두부아이',5),(479,'계란아이',5),(480,'대파아이',5),(481,'버섯아이',5),(482,'마늘아이',5),(483,'브로콜리아이',5),(484,'양파아이',5),(485,'돼지고기아이',5),(486,'닭고기아이',5),(487,'단호박구이',6),(488,'두부구이',6),(489,'관자구이',6),(490,'베이컨구이',6),(491,'가지구이',6),(492,'고구마구이',6),(493,'양배추구이',6),(494,'버섯구이',6),(495,'시금치구이',6),(496,'쭈꾸미구이',6),(497,'양배추구이',7),(498,'양파구이',7),(499,'명란구이',7),(500,'버섯구이',7),(501,'닭고기구이',7),(502,'전복구이',7),(503,'두부구이',7),(504,'계란구이',7),(505,'홍합구이',7),(506,'마늘구이',7),(507,'치즈 비 오는 날 ',8),(508,'차돌박이 비 오는 날 ',8),(509,'대파 비 오는 날 ',8),(510,'바지락 비 오는 날 ',8),(511,'감자 비 오는 날 ',8),(512,'소고기 비 오는 날 ',8),(513,'시금치 비 오는 날 ',8),(514,'낙지 비 오는 날 ',8),(515,'마늘 비 오는 날 ',8),(516,'연어 비 오는 날 ',8),(517,'고구마구이',9),(518,'우삼겹구이',9),(519,'소고기구이',9),(520,'시금치구이',9),(521,'날치알구이',9),(522,'두부구이',9),(523,'오징어구이',9),(524,'대파구이',9),(525,'양배추구이',9),(526,'명란구이',9),(527,'닭고기국',10),(528,'대파국',10),(529,'버섯국',10),(530,'낙지국',10),(531,'두부국',10),(532,'바지락국',10),(533,'우삼겹국',10),(534,'명란국',10),(535,'베이컨국',10),(536,'감자국',10),(537,'양파볶음',11),(538,'감자볶음',11),(539,'오징어볶음',11),(540,'두부볶음',11),(541,'버섯볶음',11),(542,'시금치볶음',11),(543,'바지락볶음',11),(544,'쭈꾸미볶음',11),(545,'명란볶음',11),(546,'고구마볶음',11),(547,'두부무침',12),(548,'참치무침',12),(549,'베이컨무침',12),(550,'버섯무침',12),(551,'연어무침',12),(552,'새우무침',12),(553,'시금치무침',12),(554,'치즈무침',12),(555,'우삼겹무침',12),(556,'단호박무침',12),(557,'브로콜리김치',13),(558,'양파김치',13),(559,'연어김치',13),(560,'명란김치',13),(561,'고구마김치',13),(562,'관자김치',13),(563,'버섯김치',13),(564,'마늘김치',13),(565,'감자김치',13),(566,'홍합김치',13),(567,'양배추덮밥',14),(568,'마늘덮밥',14),(569,'날치알덮밥',14),(570,'대파덮밥',14),(571,'가지덮밥',14),(572,'치즈덮밥',14),(573,'시금치덮밥',14),(574,'감자덮밥',14),(575,'김치덮밥',14),(576,'돼지고기덮밥',14),(577,'대파면',15),(578,'소고기면',15),(579,'토마토면',15),(580,'버섯면',15),(581,'두부면',15),(582,'치즈면',15),(583,'브로콜리면',15),(584,'닭고기면',15),(585,'고구마면',15),(586,'우삼겹면',15),(587,'홍합전',16),(588,'버섯전',16),(589,'닭고기전',16),(590,'바지락전',16),(591,'관자전',16),(592,'양파전',16),(593,'계란전',16),(594,'쭈꾸미전',16),(595,'마늘전',16),(596,'양배추전',16),(597,'홍합고기',17),(598,'새우고기',17),(599,'브로콜리고기',17),(600,'날치알고기',17),(601,'닭고기고기',17),(602,'토마토고기',17),(603,'가지고기',17),(604,'우삼겹고기',17),(605,'소고기고기',17),(606,'돼지고기고기',17),(607,'감자 해산물',18),(608,'가지 해산물',18),(609,'대파 해산물',18),(610,'베이컨 해산물',18),(611,'낙지 해산물',18),(612,'마늘 해산물',18),(613,'김치 해산물',18),(614,'참치 해산물',18),(615,'관자 해산물',18),(616,'고구마 해산물',18),(617,'소고기명절',19),(618,'베이컨명절',19),(619,'새우명절',19),(620,'시금치명절',19),(621,'날치알명절',19),(622,'홍합명절',19),(623,'양파명절',19),(624,'토마토명절',19),(625,'명란명절',19),(626,'단호박명절',19),(627,'양배추 파스타',20),(628,'날치알 파스타',20),(629,'홍합 파스타',20),(630,'토마토 파스타',20),(631,'고구마 파스타',20),(632,'낙지 파스타',20),(633,'관자 파스타',20),(634,'대파 파스타',20),(635,'두부 파스타',20),(636,'우삼겹 파스타',20),(637,'홍합피자',21),(638,'계란피자',21),(639,'고구마피자',21),(640,'날치알피자',21),(641,'돼지고기피자',21),(642,'소고기피자',21),(643,'바지락피자',21),(644,'감자피자',21),(645,'시금치피자',21),(646,'참치피자',21),(647,'닭고기 스테이크',22),(648,'낙지 스테이크',22),(649,'연어 스테이크',22),(650,'마늘 스테이크',22),(651,'차돌박이 스테이크',22),(652,'베이컨 스테이크',22),(653,'김치 스테이크',22),(654,'양배추 스테이크',22),(655,'쭈꾸미 스테이크',22),(656,'우삼겹 스테이크',22),(657,'양파 리조또',23),(658,'날치알 리조또',23),(659,'베이컨 리조또',23),(660,'참치 리조또',23),(661,'시금치 리조또',23),(662,'토마토 리조또',23),(663,'김치 리조또',23),(664,'오징어 리조또',23),(665,'바지락 리조또',23),(666,'홍합 리조또',23),(667,'마늘 샌드위치',24),(668,'날치알 샌드위치',24),(669,'가지 샌드위치',24),(670,'돼지고기 샌드위치',24),(671,'우삼겹 샌드위치',24),(672,'고구마 샌드위치',24),(673,'닭고기 샌드위치',24),(674,'바지락 샌드위치',24),(675,'치즈 샌드위치',24),(676,'차돌박이 샌드위치',24),(677,'김치 커틀릿',25),(678,'연어 커틀릿',25),(679,'돼지고기 커틀릿',25),(680,'고구마 커틀릿',25),(681,'바지락 커틀릿',25),(682,'홍합 커틀릿',25),(683,'차돌박이 커틀릿',25),(684,'날치알 커틀릿',25),(685,'가지 커틀릿',25),(686,'토마토 커틀릿',25),(687,'김치스프',26),(688,'양배추스프',26),(689,'연어스프',26),(690,'참치스프',26),(691,'시금치스프',26),(692,'감자스프',26),(693,'베이컨스프',26),(694,'오징어스프',26),(695,'브로콜리스프',26),(696,'단호박스프',26),(697,'바지락 그라탕',27),(698,'계란 그라탕',27),(699,'양파 그라탕',27),(700,'오징어 그라탕',27),(701,'고구마 그라탕',27),(702,'토마토 그라탕',27),(703,'홍합 그라탕',27),(704,'차돌박이 그라탕',27),(705,'우삼겹 그라탕',27),(706,'대파 그라탕',27),(707,'계란오일',28),(708,'연어오일',28),(709,'버섯오일',28),(710,'우삼겹오일',28),(711,'두부오일',28),(712,'시금치오일',28),(713,'전복오일',28),(714,'치즈오일',28),(715,'마늘오일',28),(716,'베이컨오일',28),(717,'돼지고기 브런치',29),(718,'브로콜리 브런치',29),(719,'낙지 브런치',29),(720,'마늘 브런치',29),(721,'우삼겹 브런치',29),(722,'홍합 브런치',29),(723,'김치 브런치',29),(724,'참치 브런치',29),(725,'시금치 브런치',29),(726,'고구마 브런치',29),(727,'양배추 중식면',30),(728,'소고기 중식면',30),(729,'베이컨 중식면',30),(730,'단호박 중식면',30),(731,'낙지 중식면',30),(732,'닭고기 중식면',30),(733,'가지 중식면',30),(734,'버섯 중식면',30),(735,'관자 중식면',30),(736,'바지락 중식면',30),(737,'참치 중식밥',31),(738,'닭고기 중식밥',31),(739,'오징어 중식밥',31),(740,'양배추 중식밥',31),(741,'쭈꾸미 중식밥',31),(742,'바지락 중식밥',31),(743,'대파 중식밥',31),(744,'시금치 중식밥',31),(745,'계란 중식밥',31),(746,'김치 중식밥',31),(747,'김치 고기튀김',32),(748,'치즈 고기튀김',32),(749,'오징어 고기튀김',32),(750,'날치알 고기튀김',32),(751,'차돌박이 고기튀김',32),(752,'우삼겹 고기튀김',32),(753,'참치 고기튀김',32),(754,'낙지 고기튀김',32),(755,'계란 고기튀김',32),(756,'닭고기 고기튀김',32),(757,'가지 해물튀김',33),(758,'치즈 해물튀김',33),(759,'베이컨 해물튀김',33),(760,'차돌박이 해물튀김',33),(761,'낙지 해물튀김',33),(762,'새우 해물튀김',33),(763,'쭈꾸미 해물튀김',33),(764,'양파 해물튀김',33),(765,'김치 해물튀김',33),(766,'연어 해물튀김',33),(767,'날치알볶음',34),(768,'쭈꾸미볶음',34),(769,'양파볶음',34),(770,'고구마볶음',34),(771,'토마토볶음',34),(772,'단호박볶음',34),(773,'시금치볶음',34),(774,'낙지볶음',34),(775,'전복볶음',34),(776,'참치볶음',34),(777,'돼지고기탕',35),(778,'베이컨탕',35),(779,'김치탕',35),(780,'버섯탕',35),(781,'차돌박이탕',35),(782,'쭈꾸미탕',35),(783,'토마토탕',35),(784,'전복탕',35),(785,'가지탕',35),(786,'우삼겹탕',35),(787,'명란만두',36),(788,'고구마만두',36),(789,'소고기만두',36),(790,'날치알만두',36),(791,'낙지만두',36),(792,'양배추만두',36),(793,'치즈만두',36),(794,'돼지고기만두',36),(795,'참치만두',36),(796,'쭈꾸미만두',36),(797,'대파냉채',37),(798,'닭고기냉채',37),(799,'우삼겹냉채',37),(800,'시금치냉채',37),(801,'새우냉채',37),(802,'차돌박이냉채',37),(803,'브로콜리냉채',37),(804,'날치알냉채',37),(805,'전복냉채',37),(806,'오징어냉채',37),(807,'참치두부',38),(808,'새우두부',38),(809,'양배추두부',38),(810,'버섯두부',38),(811,'날치알두부',38),(812,'고구마두부',38),(813,'대파두부',38),(814,'바지락두부',38),(815,'치즈두부',38),(816,'전복두부',38),(817,'소고기마라',39),(818,'새우마라',39),(819,'고구마마라',39),(820,'관자마라',39),(821,'날치알마라',39),(822,'우삼겹마라',39),(823,'전복마라',39),(824,'마늘마라',39),(825,'차돌박이마라',39),(826,'오징어마라',39),(827,'브로콜리초밥',40),(828,'명란초밥',40),(829,'시금치초밥',40),(830,'단호박초밥',40),(831,'버섯초밥',40),(832,'새우초밥',40),(833,'계란초밥',40),(834,'두부초밥',40),(835,'가지초밥',40),(836,'치즈초밥',40),(837,'오징어 돈부리',41),(838,'참치 돈부리',41),(839,'베이컨 돈부리',41),(840,'양배추 돈부리',41),(841,'돼지고기 돈부리',41),(842,'날치알 돈부리',41),(843,'가지 돈부리',41),(844,'토마토 돈부리',41),(845,'브로콜리 돈부리',41),(846,'시금치 돈부리',41),(847,'대파우동',42),(848,'오징어우동',42),(849,'전복우동',42),(850,'쭈꾸미우동',42),(851,'관자우동',42),(852,'새우우동',42),(853,'두부우동',42),(854,'마늘우동',42),(855,'바지락우동',42),(856,'닭고기우동',42),(857,'명란라멘',43),(858,'고구마라멘',43),(859,'날치알라멘',43),(860,'소고기라멘',43),(861,'바지락라멘',43),(862,'차돌박이라멘',43),(863,'양파라멘',43),(864,'양배추라멘',43),(865,'베이컨라멘',43),(866,'닭고기라멘',43),(867,'홍합카레',44),(868,'버섯카레',44),(869,'마늘카레',44),(870,'돼지고기카레',44),(871,'두부카레',44),(872,'전복카레',44),(873,'우삼겹카레',44),(874,'감자카레',44),(875,'차돌박이카레',44),(876,'대파카레',44),(877,'마늘 돈카츠',45),(878,'계란 돈카츠',45),(879,'버섯 돈카츠',45),(880,'전복 돈카츠',45),(881,'토마토 돈카츠',45),(882,'명란 돈카츠',45),(883,'차돌박이 돈카츠',45),(884,'감자 돈카츠',45),(885,'시금치 돈카츠',45),(886,'김치 돈카츠',45),(887,'연어구이',46),(888,'베이컨구이',46),(889,'돼지고기구이',46),(890,'마늘구이',46),(891,'계란구이',46),(892,'대파구이',46),(893,'오징어구이',46),(894,'양파구이',46),(895,'홍합구이',46),(896,'참치구이',46),(897,'베이컨나베',47),(898,'치즈나베',47),(899,'참치나베',47),(900,'차돌박이나베',47),(901,'토마토나베',47),(902,'버섯나베',47),(903,'김치나베',47),(904,'연어나베',47),(905,'양배추나베',47),(906,'홍합나베',47),(907,'바지락철판',48),(908,'고구마철판',48),(909,'오징어철판',48),(910,'관자철판',48),(911,'양파철판',48),(912,'마늘철판',48),(913,'시금치철판',48),(914,'토마토철판',48),(915,'두부철판',48),(916,'명란철판',48),(917,'단호박 일식가정식',49),(918,'닭고기 일식가정식',49),(919,'치즈 일식가정식',49),(920,'명란 일식가정식',49),(921,'소고기 일식가정식',49),(922,'낙지 일식가정식',49),(923,'가지 일식가정식',49),(924,'새우 일식가정식',49),(925,'두부 일식가정식',49),(926,'관자 일식가정식',49),(927,'우삼겹 쌀국수',50),(928,'토마토 쌀국수',50),(929,'대파 쌀국수',50),(930,'감자 쌀국수',50),(931,'양배추 쌀국수',50),(932,'관자 쌀국수',50),(933,'마늘 쌀국수',50),(934,'홍합 쌀국수',50),(935,'연어 쌀국수',50),(936,'치즈 쌀국수',50),(937,'김치 아시안밥',51),(938,'시금치 아시안밥',51),(939,'양파 아시안밥',51),(940,'바지락 아시안밥',51),(941,'차돌박이 아시안밥',51),(942,'연어 아시안밥',51),(943,'양배추 아시안밥',51),(944,'두부 아시안밥',51),(945,'돼지고기 아시안밥',51),(946,'쭈꾸미 아시안밥',51),(947,'오징어커리',52),(948,'버섯커리',52),(949,'전복커리',52),(950,'시금치커리',52),(951,'가지커리',52),(952,'돼지고기커리',52),(953,'관자커리',52),(954,'바지락커리',52),(955,'명란커리',52),(956,'참치커리',52),(957,'닭고기스프',53),(958,'양파스프',53),(959,'고구마스프',53),(960,'날치알스프',53),(961,'쭈꾸미스프',53),(962,'바지락스프',53),(963,'오징어스프',53),(964,'토마토스프',53),(965,'베이컨스프',53),(966,'가지스프',53),(967,'명란고기',54),(968,'참치고기',54),(969,'토마토고기',54),(970,'닭고기고기',54),(971,'고구마고기',54),(972,'새우고기',54),(973,'대파고기',54),(974,'브로콜리고기',54),(975,'낙지고기',54),(976,'가지고기',54),(977,'관자해물',55),(978,'날치알해물',55),(979,'참치해물',55),(980,'닭고기해물',55),(981,'홍합해물',55),(982,'바지락해물',55),(983,'새우해물',55),(984,'마늘해물',55),(985,'명란해물',55),(986,'감자해물',55),(987,'계란볶음',56),(988,'양배추볶음',56),(989,'차돌박이볶음',56),(990,'닭고기볶음',56),(991,'홍합볶음',56),(992,'고구마볶음',56),(993,'브로콜리볶음',56),(994,'치즈볶음',56),(995,'관자볶음',56),(996,'돼지고기볶음',56),(997,'명란 사이드',57),(998,'김치 사이드',57),(999,'새우 사이드',57),(1000,'치즈 사이드',57),(1001,'토마토 사이드',57),(1002,'단호박 사이드',57),(1003,'두부 사이드',57),(1004,'오징어 사이드',57),(1005,'양배추 사이드',57),(1006,'가지 사이드',57),(1007,'오징어 아시안쌈',58),(1008,'연어 아시안쌈',58),(1009,'대파 아시안쌈',58),(1010,'소고기 아시안쌈',58),(1011,'돼지고기 아시안쌈',58),(1012,'관자 아시안쌈',58),(1013,'김치 아시안쌈',58),(1014,'단호박 아시안쌈',58),(1015,'쭈꾸미 아시안쌈',58),(1016,'양배추 아시안쌈',58),(1017,'토마토 모닝글로리',59),(1018,'계란 모닝글로리',59),(1019,'관자 모닝글로리',59),(1020,'돼지고기 모닝글로리',59),(1021,'소고기 모닝글로리',59),(1022,'감자 모닝글로리',59),(1023,'명란 모닝글로리',59),(1024,'새우 모닝글로리',59),(1025,'쭈꾸미 모닝글로리',59),(1026,'연어 모닝글로리',59),(1027,'참치 샐러드',60),(1028,'토마토 샐러드',60),(1029,'연어 샐러드',60),(1030,'전복 샐러드',60),(1031,'새우 샐러드',60),(1032,'양파 샐러드',60),(1033,'홍합 샐러드',60),(1034,'마늘 샐러드',60),(1035,'김치 샐러드',60),(1036,'우삼겹 샐러드',60),(1037,'베이컨포케',61),(1038,'토마토포케',61),(1039,'감자포케',61),(1040,'전복포케',61),(1041,'김치포케',61),(1042,'대파포케',61),(1043,'연어포케',61),(1044,'시금치포케',61),(1045,'차돌박이포케',61),(1046,'계란포케',61),(1047,'치즈 닭가슴살',62),(1048,'낙지 닭가슴살',62),(1049,'오징어 닭가슴살',62),(1050,'양파 닭가슴살',62),(1051,'돼지고기 닭가슴살',62),(1052,'새우 닭가슴살',62),(1053,'차돌박이 닭가슴살',62),(1054,'김치 닭가슴살',62),(1055,'쭈꾸미 닭가슴살',62),(1056,'마늘 닭가슴살',62),(1057,'소고기두부',63),(1058,'연어두부',63),(1059,'가지두부',63),(1060,'돼지고기두부',63),(1061,'김치두부',63),(1062,'베이컨두부',63),(1063,'닭고기두부',63),(1064,'홍합두부',63),(1065,'관자두부',63),(1066,'차돌박이두부',63),(1067,'연어계란',64),(1068,'홍합계란',64),(1069,'돼지고기계란',64),(1070,'쭈꾸미계란',64),(1071,'새우계란',64),(1072,'브로콜리계란',64),(1073,'가지계란',64),(1074,'감자계란',64),(1075,'대파계란',64),(1076,'바지락계란',64),(1077,'베이컨 식단밥',65),(1078,'돼지고기 식단밥',65),(1079,'버섯 식단밥',65),(1080,'고구마 식단밥',65),(1081,'새우 식단밥',65),(1082,'치즈 식단밥',65),(1083,'참치 식단밥',65),(1084,'브로콜리 식단밥',65),(1085,'양배추 식단밥',65),(1086,'김치 식단밥',65),(1087,'양배추 샌드위치',66),(1088,'연어 샌드위치',66),(1089,'우삼겹 샌드위치',66),(1090,'감자 샌드위치',66),(1091,'고구마 샌드위치',66),(1092,'마늘 샌드위치',66),(1093,'오징어 샌드위치',66),(1094,'차돌박이 샌드위치',66),(1095,'날치알 샌드위치',66),(1096,'양파 샌드위치',66),(1097,'감자야채',67),(1098,'연어야채',67),(1099,'단호박야채',67),(1100,'참치야채',67),(1101,'대파야채',67),(1102,'양배추야채',67),(1103,'홍합야채',67),(1104,'시금치야채',67),(1105,'쭈꾸미야채',67),(1106,'계란야채',67),(1107,'단호박생선',68),(1108,'감자생선',68),(1109,'돼지고기생선',68),(1110,'김치생선',68),(1111,'양배추생선',68),(1112,'날치알생선',68),(1113,'낙지생선',68),(1114,'시금치생선',68),(1115,'치즈생선',68),(1116,'대파생선',68),(1117,'소고기주스',69),(1118,'버섯주스',69),(1119,'고구마주스',69),(1120,'베이컨주스',69),(1121,'돼지고기주스',69),(1122,'전복주스',69),(1123,'가지주스',69),(1124,'치즈주스',69),(1125,'양파주스',69),(1126,'닭고기주스',69),(1127,'양배추원팬',70),(1128,'돼지고기원팬',70),(1129,'날치알원팬',70),(1130,'홍합원팬',70),(1131,'명란원팬',70),(1132,'대파원팬',70),(1133,'새우원팬',70),(1134,'소고기원팬',70),(1135,'김치원팬',70),(1136,'낙지원팬',70),(1137,'토마토 전자레인지',71),(1138,'우삼겹 전자레인지',71),(1139,'양파 전자레인지',71),(1140,'참치 전자레인지',71),(1141,'낙지 전자레인지',71),(1142,'베이컨 전자레인지',71),(1143,'전복 전자레인지',71),(1144,'계란 전자레인지',71),(1145,'차돌박이 전자레인지',71),(1146,'양배추 전자레인지',71),(1147,'베이컨 에어프라이어',72),(1148,'명란 에어프라이어',72),(1149,'가지 에어프라이어',72),(1150,'시금치 에어프라이어',72),(1151,'양배추 에어프라이어',72),(1152,'브로콜리 에어프라이어',72),(1153,'돼지고기 에어프라이어',72),(1154,'계란 에어프라이어',72),(1155,'관자 에어프라이어',72),(1156,'소고기 에어프라이어',72),(1157,'관자 5분토스트',73),(1158,'날치알 5분토스트',73),(1159,'버섯 5분토스트',73),(1160,'토마토 5분토스트',73),(1161,'치즈 5분토스트',73),(1162,'감자 5분토스트',73),(1163,'우삼겹 5분토스트',73),(1164,'두부 5분토스트',73),(1165,'베이컨 5분토스트',73),(1166,'닭고기 5분토스트',73),(1167,'시금치 한그릇밥',74),(1168,'소고기 한그릇밥',74),(1169,'계란 한그릇밥',74),(1170,'연어 한그릇밥',74),(1171,'마늘 한그릇밥',74),(1172,'관자 한그릇밥',74),(1173,'날치알 한그릇밥',74),(1174,'단호박 한그릇밥',74),(1175,'우삼겹 한그릇밥',74),(1176,'두부 한그릇밥',74),(1177,'단호박 간단면식',75),(1178,'두부 간단면식',75),(1179,'관자 간단면식',75),(1180,'브로콜리 간단면식',75),(1181,'명란 간단면식',75),(1182,'토마토 간단면식',75),(1183,'가지 간단면식',75),(1184,'오징어 간단면식',75),(1185,'쭈꾸미 간단면식',75),(1186,'홍합 간단면식',75),(1187,'닭고기비빔',76),(1188,'두부비빔',76),(1189,'베이컨비빔',76),(1190,'전복비빔',76),(1191,'참치비빔',76),(1192,'버섯비빔',76),(1193,'명란비빔',76),(1194,'새우비빔',76),(1195,'마늘비빔',76),(1196,'날치알비빔',76),(1197,'돼지고기 밀키트',77),(1198,'양파 밀키트',77),(1199,'명란 밀키트',77),(1200,'홍합 밀키트',77),(1201,'가지 밀키트',77),(1202,'브로콜리 밀키트',77),(1203,'토마토 밀키트',77),(1204,'낙지 밀키트',77),(1205,'오징어 밀키트',77),(1206,'두부 밀키트',77),(1207,'버섯 노오븐디저트',78),(1208,'시금치 노오븐디저트',78),(1209,'두부 노오븐디저트',78),(1210,'마늘 노오븐디저트',78),(1211,'소고기 노오븐디저트',78),(1212,'브로콜리 노오븐디저트',78),(1213,'낙지 노오븐디저트',78),(1214,'날치알 노오븐디저트',78),(1215,'명란 노오븐디저트',78),(1216,'감자 노오븐디저트',78),(1217,'우삼겹 남은재료처리',79),(1218,'날치알 남은재료처리',79),(1219,'홍합 남은재료처리',79),(1220,'전복 남은재료처리',79),(1221,'계란 남은재료처리',79),(1222,'오징어 남은재료처리',79),(1223,'브로콜리 남은재료처리',79),(1224,'양배추 남은재료처리',79),(1225,'마늘 남은재료처리',79),(1226,'감자 남은재료처리',79),(1227,'레몬젤리',80),(1228,'애플젤리',80),(1229,'녹차젤리',80),(1230,'딸기젤리',80),(1231,'고구마젤리',80),(1232,'호두젤리',80),(1233,'바닐라젤리',80),(1234,'치즈젤리',80),(1235,'흑임자젤리',80),(1236,'바나나젤리',80),(1237,'얼그레이 샤베트',81),(1238,'바나나 샤베트',81),(1239,'고구마 샤베트',81),(1240,'치즈 샤베트',81),(1241,'흑임자 샤베트',81),(1242,'호두 샤베트',81),(1243,'블루베리 샤베트',81),(1244,'바닐라 샤베트',81),(1245,'단호박 샤베트',81),(1246,'레몬 샤베트',81),(1247,'단호박과일',82),(1248,'호두과일',82),(1249,'아몬드과일',82),(1250,'바나나과일',82),(1251,'초코과일',82),(1252,'흑임자과일',82),(1253,'고구마과일',82),(1254,'딸기과일',82),(1255,'치즈과일',82),(1256,'녹차과일',82),(1257,'녹차떡',83),(1258,'호두떡',83),(1259,'바닐라떡',83),(1260,'단호박떡',83),(1261,'고구마떡',83),(1262,'치즈떡',83),(1263,'초코떡',83),(1264,'블루베리떡',83),(1265,'얼그레이떡',83),(1266,'애플떡',83),(1267,'바닐라 초콜릿',84),(1268,'블루베리 초콜릿',84),(1269,'고구마 초콜릿',84),(1270,'딸기 초콜릿',84),(1271,'애플 초콜릿',84),(1272,'바나나 초콜릿',84),(1273,'레몬 초콜릿',84),(1274,'단호박 초콜릿',84),(1275,'초코 초콜릿',84),(1276,'녹차 초콜릿',84),(1277,'녹차 노오븐디저트',85),(1278,'바나나 노오븐디저트',85),(1279,'치즈 노오븐디저트',85),(1280,'호두 노오븐디저트',85),(1281,'딸기 노오븐디저트',85),(1282,'얼그레이 노오븐디저트',85),(1283,'레몬 노오븐디저트',85),(1284,'애플 노오븐디저트',85),(1285,'바닐라 노오븐디저트',85),(1286,'단호박 노오븐디저트',85),(1287,'바닐라 요거트',86),(1288,'초코 요거트',86),(1289,'흑임자 요거트',86),(1290,'고구마 요거트',86),(1291,'호두 요거트',86),(1292,'치즈 요거트',86),(1293,'애플 요거트',86),(1294,'블루베리 요거트',86),(1295,'단호박 요거트',86),(1296,'레몬 요거트',86),(1297,'녹차샌드',87),(1298,'바닐라샌드',87),(1299,'흑임자샌드',87),(1300,'호두샌드',87),(1301,'애플샌드',87),(1302,'초코샌드',87),(1303,'블루베리샌드',87),(1304,'치즈샌드',87),(1305,'딸기샌드',87),(1306,'얼그레이샌드',87),(1307,'딸기튀김',88),(1308,'바나나튀김',88),(1309,'녹차튀김',88),(1310,'아몬드튀김',88),(1311,'흑임자튀김',88),(1312,'애플튀김',88),(1313,'호두튀김',88),(1314,'바닐라튀김',88),(1315,'단호박튀김',88),(1316,'얼그레이튀김',88),(1317,'딸기 구황작물',89),(1318,'흑임자 구황작물',89),(1319,'치즈 구황작물',89),(1320,'애플 구황작물',89),(1321,'얼그레이 구황작물',89),(1322,'고구마 구황작물',89),(1323,'바나나 구황작물',89),(1324,'녹차 구황작물',89),(1325,'바닐라 구황작물',89),(1326,'아몬드 구황작물',89),(1327,'초코식빵',90),(1328,'치즈식빵',90),(1329,'바닐라식빵',90),(1330,'호두식빵',90),(1331,'단호박식빵',90),(1332,'레몬식빵',90),(1333,'얼그레이식빵',90),(1334,'녹차식빵',90),(1335,'바나나식빵',90),(1336,'딸기식빵',90),(1337,'호두쿠키',91),(1338,'흑임자쿠키',91),(1339,'고구마쿠키',91),(1340,'치즈쿠키',91),(1341,'단호박쿠키',91),(1342,'아몬드쿠키',91),(1343,'초코쿠키',91),(1344,'바닐라쿠키',91),(1345,'레몬쿠키',91),(1346,'얼그레이쿠키',91),(1347,'얼그레이 케이크',92),(1348,'초코 케이크',92),(1349,'녹차 케이크',92),(1350,'흑임자 케이크',92),(1351,'레몬 케이크',92),(1352,'블루베리 케이크',92),(1353,'단호박 케이크',92),(1354,'바나나 케이크',92),(1355,'호두 케이크',92),(1356,'딸기 케이크',92),(1357,'애플 타르트',93),(1358,'바나나 타르트',93),(1359,'고구마 타르트',93),(1360,'바닐라 타르트',93),(1361,'얼그레이 타르트',93),(1362,'딸기 타르트',93),(1363,'호두 타르트',93),(1364,'단호박 타르트',93),(1365,'흑임자 타르트',93),(1366,'녹차 타르트',93),(1367,'얼그레이머핀',94),(1368,'호두머핀',94),(1369,'레몬머핀',94),(1370,'단호박머핀',94),(1371,'흑임자머핀',94),(1372,'치즈머핀',94),(1373,'블루베리머핀',94),(1374,'딸기머핀',94),(1375,'녹차머핀',94),(1376,'애플머핀',94),(1377,'아몬드 구움과자',95),(1378,'단호박 구움과자',95),(1379,'흑임자 구움과자',95),(1380,'호두 구움과자',95),(1381,'딸기 구움과자',95),(1382,'애플 구움과자',95),(1383,'얼그레이 구움과자',95),(1384,'레몬 구움과자',95),(1385,'고구마 구움과자',95),(1386,'블루베리 구움과자',95),(1387,'녹차와플',96),(1388,'애플와플',96),(1389,'바나나와플',96),(1390,'딸기와플',96),(1391,'호두와플',96),(1392,'아몬드와플',96),(1393,'치즈와플',96),(1394,'단호박와플',96),(1395,'블루베리와플',96),(1396,'흑임자와플',96),(1397,'얼그레이 비건베이킹',97),(1398,'바닐라 비건베이킹',97),(1399,'녹차 비건베이킹',97),(1400,'딸기 비건베이킹',97),(1401,'초코 비건베이킹',97),(1402,'단호박 비건베이킹',97),(1403,'아몬드 비건베이킹',97),(1404,'레몬 비건베이킹',97),(1405,'치즈 비건베이킹',97),(1406,'흑임자 비건베이킹',97),(1407,'레몬 패스트리',98),(1408,'아몬드 패스트리',98),(1409,'녹차 패스트리',98),(1410,'블루베리 패스트리',98),(1411,'바나나 패스트리',98),(1412,'치즈 패스트리',98),(1413,'얼그레이 패스트리',98),(1414,'바닐라 패스트리',98),(1415,'초코 패스트리',98),(1416,'애플 패스트리',98),(1417,'치즈 핑거푸드',99),(1418,'블루베리 핑거푸드',99),(1419,'아몬드 핑거푸드',99),(1420,'초코 핑거푸드',99),(1421,'바나나 핑거푸드',99),(1422,'얼그레이 핑거푸드',99),(1423,'바닐라 핑거푸드',99),(1424,'고구마 핑거푸드',99),(1425,'흑임자 핑거푸드',99),(1426,'녹차 핑거푸드',99),(1427,'오렌지라떼',100),(1428,'자몽라떼',100),(1429,'밀크티라떼',100),(1430,'매실라떼',100),(1431,'유자라떼',100),(1432,'초코라떼',100),(1433,'애플망고라떼',100),(1434,'녹차라떼',100),(1435,'복숭아라떼',100),(1436,'청포도라떼',100),(1437,'유자 에이드',101),(1438,'녹차 에이드',101),(1439,'애플망고 에이드',101),(1440,'자몽 에이드',101),(1441,'밀크티 에이드',101),(1442,'복숭아 에이드',101),(1443,'수박 에이드',101),(1444,'매실 에이드',101),(1445,'청포도 에이드',101),(1446,'초코 에이드',101),(1447,'딸기 과일주스',102),(1448,'애플망고 과일주스',102),(1449,'망고 과일주스',102),(1450,'유자 과일주스',102),(1451,'밀크티 과일주스',102),(1452,'초코 과일주스',102),(1453,'자몽 과일주스',102),(1454,'청포도 과일주스',102),(1455,'수박 과일주스',102),(1456,'복숭아 과일주스',102),(1457,'자몽 차',103),(1458,'밀크티 차',103),(1459,'매실 차',103),(1460,'녹차 차',103),(1461,'오렌지 차',103),(1462,'망고 차',103),(1463,'청포도 차',103),(1464,'딸기 차',103),(1465,'유자 차',103),(1466,'애플망고 차',103),(1467,'딸기 허브티',104),(1468,'청포도 허브티',104),(1469,'애플망고 허브티',104),(1470,'자몽 허브티',104),(1471,'오렌지 허브티',104),(1472,'유자 허브티',104),(1473,'밀크티 허브티',104),(1474,'초코 허브티',104),(1475,'수박 허브티',104),(1476,'매실 허브티',104),(1477,'망고라떼',105),(1478,'키위라떼',105),(1479,'애플망고라떼',105),(1480,'수박라떼',105),(1481,'청포도라떼',105),(1482,'녹차라떼',105),(1483,'초코라떼',105),(1484,'오렌지라떼',105),(1485,'매실라떼',105),(1486,'레몬라떼',105),(1487,'매실 무알코올',106),(1488,'수박 무알코올',106),(1489,'레몬 무알코올',106),(1490,'오렌지 무알코올',106),(1491,'유자 무알코올',106),(1492,'복숭아 무알코올',106),(1493,'애플망고 무알코올',106),(1494,'키위 무알코올',106),(1495,'망고 무알코올',106),(1496,'초코 무알코올',106),(1497,'밀크티홈술',107),(1498,'유자홈술',107),(1499,'레몬홈술',107),(1500,'매실홈술',107),(1501,'키위홈술',107),(1502,'딸기홈술',107),(1503,'청포도홈술',107),(1504,'녹차홈술',107),(1505,'복숭아홈술',107),(1506,'애플망고홈술',107),(1507,'유자해독',108),(1508,'오렌지해독',108),(1509,'밀크티해독',108),(1510,'수박해독',108),(1511,'녹차해독',108),(1512,'레몬해독',108),(1513,'매실해독',108),(1514,'복숭아해독',108),(1515,'초코해독',108),(1516,'청포도해독',108),(1517,'초코 수제청',109),(1518,'밀크티 수제청',109),(1519,'레몬 수제청',109),(1520,'복숭아 수제청',109),(1521,'망고 수제청',109),(1522,'키위 수제청',109),(1523,'자몽 수제청',109),(1524,'딸기 수제청',109),(1525,'매실 수제청',109),(1526,'청포도 수제청',109);
/*!40000 ALTER TABLE `food` ENABLE KEYS */;
UNLOCK TABLES;

--
-- Table structure for table `fridge_item`
--

DROP TABLE IF EXISTS `fridge_item`;
/*!40101 SET @saved_cs_client     = @@character_set_client */;
/*!50503 SET character_set_client = utf8mb4 */;
CREATE TABLE `fridge_item` (
  `fridge_id` bigint NOT NULL AUTO_INCREMENT,
  `member_id` bigint NOT NULL,
  `ingredient_name` varchar(100) NOT NULL,
  `quantity` varchar(50) DEFAULT NULL,
  `expire_date` date DEFAULT NULL,
  `created_date` datetime DEFAULT CURRENT_TIMESTAMP,
  `freezer` tinyint(1) DEFAULT NULL,
  PRIMARY KEY (`fridge_id`),
  KEY `fk_fridge_member` (`member_id`),
  CONSTRAINT `fk_fridge_member` FOREIGN KEY (`member_id`) REFERENCES `member` (`member_id`)
) ENGINE=InnoDB AUTO_INCREMENT=63 DEFAULT CHARSET=utf8mb4 COLLATE=utf8mb4_0900_ai_ci;
/*!40101 SET character_set_client = @saved_cs_client */;

--
-- Dumping data for table `fridge_item`
--

LOCK TABLES `fridge_item` WRITE;
/*!40000 ALTER TABLE `fridge_item` DISABLE KEYS */;
INSERT INTO `fridge_item` VALUES (2,1,'돼지고기 앞다리살','300g','2026-06-05','2026-05-29 10:12:59',0),(3,1,'우유','1L','2026-06-05','2026-05-29 10:12:59',0),(4,1,'달걀','10알','2026-06-20','2026-05-29 10:12:59',0),(5,1,'두부','1모','2026-06-02','2026-05-29 10:12:59',0),(6,1,'체다 치즈','10장','2026-07-10','2026-05-29 10:12:59',0),(7,1,'양파','3개','2026-06-15','2026-05-29 10:12:59',0),(8,1,'당근','1개','2026-06-18','2026-05-29 10:12:59',0),(9,1,'배추김치','1포기','2026-09-30','2026-05-29 10:12:59',0),(10,1,'사과','5개','2026-06-25','2026-05-29 10:12:59',0),(11,1,'플레인 요거트','4개','2026-06-08','2026-05-29 10:12:59',0),(12,1,'대파','1단','2026-06-12','2026-05-29 10:12:59',0),(13,1,'콩나물','1봉지','2026-06-01','2026-05-29 10:12:59',0),(14,1,'팽이버섯','2봉지','2026-06-03','2026-05-29 10:12:59',0),(15,1,'다진 마늘','150g','2026-07-15','2026-05-29 10:12:59',0),(16,1,'슬라이스 햄','200g','2026-06-14','2026-05-29 10:12:59',0),(17,1,'베이컨','1팩','2026-06-10','2026-05-29 10:12:59',0),(18,1,'어묵','1봉지','2026-06-07','2026-05-29 10:12:59',0),(19,1,'방울토마토','500g','2026-06-09','2026-05-29 10:12:59',0),(20,1,'오이','2개','2026-06-11','2026-05-29 10:12:59',0),(21,1,'청양고추','1봉지','2026-06-20','2026-05-29 10:12:59',0),(22,1,'상추','100g','2026-06-02','2026-05-29 10:12:59',0),(23,1,'깻잎','30장','2026-06-03','2026-05-29 10:12:59',0),(24,1,'파프리카','2개','2026-06-14','2026-05-29 10:12:59',0),(25,1,'버터','200g','2026-08-22','2026-05-29 10:12:59',0),(26,1,'쌈장','500g','2026-11-30','2026-05-29 10:12:59',0),(27,1,'고추장','1kg','2027-05-15','2026-05-29 10:12:59',0),(28,1,'단무지','1팩','2026-07-01','2026-05-29 10:12:59',0),(29,1,'새송이버섯','1봉지','2026-06-06','2026-05-29 10:12:59',0),(30,1,'무','1/2개','2026-06-22','2026-05-29 10:12:59',0),(31,1,'생강','50g','2026-07-20','2026-05-29 10:12:59',0),(32,1,'양배추','1/4통','2026-06-17','2026-05-29 10:12:59',0),(33,1,'냉동 삼겹살','500g','2026-12-31','2026-05-29 10:12:59',1),(34,1,'냉동 만두','1봉지','2026-11-15','2026-05-29 10:12:59',1),(35,1,'냉동 블루베리','1kg','2027-05-20','2026-05-29 10:12:59',1),(36,1,'냉동 닭가슴살','1kg','2026-09-10','2026-05-29 10:12:59',1),(37,1,'피자 치즈','300g','2026-08-05','2026-05-29 10:12:59',1),(38,1,'냉동 새우','20마리','2026-12-01','2026-05-29 10:12:59',1),(39,1,'떡볶이 떡','500g','2026-07-14','2026-05-29 10:12:59',1),(40,1,'돈가스','4장','2026-11-30','2026-05-29 10:12:59',1),(41,1,'얼린 대파','1통','2026-08-20','2026-05-29 10:12:59',1),(42,1,'차돌박이','400g','2026-10-15','2026-05-29 10:12:59',1),(43,1,'냉동 다진 생강','100g','2026-12-25','2026-05-29 10:12:59',1),(44,1,'멸치 육수팩','10개','2027-03-10','2026-05-29 10:12:59',1),(45,1,'베이킹용 생크림','500ml','2026-08-11','2026-05-29 10:12:59',1),(46,1,'손질 고등어','2마리','2026-09-05','2026-05-29 10:12:59',1),(47,1,'오징어 링','300g','2026-11-04','2026-05-29 10:12:59',1),(48,1,'냉동 볶음밥','3봉지','2026-08-30','2026-05-29 10:12:59',1),(49,1,'해물 모둠','500g','2026-12-15','2026-05-29 10:12:59',1),(50,1,'우삼겹','600g','2026-10-22','2026-05-29 10:12:59',1),(51,1,'냉동 감자튀김','1kg','2027-02-18','2026-05-29 10:12:59',1),(52,1,'얼린 청양고추','1통','2026-09-12','2026-05-29 10:12:59',1),(53,1,'가래떡','1팩','2026-08-01','2026-05-29 10:12:59',1),(54,1,'바닐라 아이스크림','1L','2026-11-20','2026-05-29 10:12:59',1),(55,1,'냉동 딸기','1kg','2027-04-05','2026-05-29 10:12:59',1),(56,1,'치킨 너겟','500g','2026-10-09','2026-05-29 10:12:59',1),(57,1,'손질 갈치','3 토막','2026-08-14','2026-05-29 10:12:59',1),(58,1,'피자 도우','2장','2026-07-25','2026-05-29 10:12:59',1),(59,1,'냉동 콘옥수수','1kg','2027-01-30','2026-05-29 10:12:59',1),(60,1,'얼린 마늘 박스','200g','2026-11-11','2026-05-29 10:12:59',1),(61,1,'대패 삼겹살','1kg','2026-11-05','2026-05-29 10:12:59',1),(62,1,'떡갈비','5장','2026-09-22','2026-05-29 10:12:59',1);
/*!40000 ALTER TABLE `fridge_item` ENABLE KEYS */;
UNLOCK TABLES;

--
-- Table structure for table `img`
--

DROP TABLE IF EXISTS `img`;
/*!40101 SET @saved_cs_client     = @@character_set_client */;
/*!50503 SET character_set_client = utf8mb4 */;
CREATE TABLE `img` (
  `img_id` int NOT NULL AUTO_INCREMENT,
  `image_list` varchar(500) DEFAULT NULL,
  PRIMARY KEY (`img_id`)
) ENGINE=InnoDB AUTO_INCREMENT=3 DEFAULT CHARSET=utf8mb4 COLLATE=utf8mb4_0900_ai_ci;
/*!40101 SET character_set_client = @saved_cs_client */;

--
-- Dumping data for table `img`
--

LOCK TABLES `img` WRITE;
/*!40000 ALTER TABLE `img` DISABLE KEYS */;
INSERT INTO `img` VALUES (1,'/images/recipe_kimchi_01.jpg'),(2,'/images/recipe_kimchi_01.jpg');
/*!40000 ALTER TABLE `img` ENABLE KEYS */;
UNLOCK TABLES;

--
-- Table structure for table `ingredient`
--

DROP TABLE IF EXISTS `ingredient`;
/*!40101 SET @saved_cs_client     = @@character_set_client */;
/*!50503 SET character_set_client = utf8mb4 */;
CREATE TABLE `ingredient` (
  `ingredient_id` bigint NOT NULL AUTO_INCREMENT,
  `ingredient_name` varchar(255) DEFAULT NULL,
  `quantity` bigint DEFAULT NULL,
  `unit` varchar(255) DEFAULT NULL,
  `type` varchar(255) DEFAULT NULL,
  `recipe_id` bigint NOT NULL,
  PRIMARY KEY (`ingredient_id`),
  KEY `recipe_id` (`recipe_id`),
  CONSTRAINT `ingredient_ibfk_1` FOREIGN KEY (`recipe_id`) REFERENCES `recipe` (`recipe_id`) ON DELETE CASCADE
) ENGINE=InnoDB AUTO_INCREMENT=8 DEFAULT CHARSET=utf8mb4 COLLATE=utf8mb4_0900_ai_ci;
/*!40101 SET character_set_client = @saved_cs_client */;

--
-- Dumping data for table `ingredient`
--

LOCK TABLES `ingredient` WRITE;
/*!40000 ALTER TABLE `ingredient` DISABLE KEYS */;
INSERT INTO `ingredient` VALUES (1,NULL,1,'포기','채소',1),(2,NULL,300,'g','육류',1),(3,NULL,1,'모','기타',1),(4,NULL,2,'스푼','양념-장류',1),(5,NULL,600,'g','육류',2),(6,NULL,1,'개','채소',2),(7,NULL,3,'스푼','양념-장류',2);
/*!40000 ALTER TABLE `ingredient` ENABLE KEYS */;
UNLOCK TABLES;

--
-- Table structure for table `inquiry`
--

DROP TABLE IF EXISTS `inquiry`;
/*!40101 SET @saved_cs_client     = @@character_set_client */;
/*!50503 SET character_set_client = utf8mb4 */;
CREATE TABLE `inquiry` (
  `inquiry_id` bigint NOT NULL AUTO_INCREMENT,
  `member_id` bigint DEFAULT NULL,
  `title` varchar(200) NOT NULL,
  `content` text NOT NULL,
  `status` varchar(20) DEFAULT NULL,
  `created_date` datetime DEFAULT CURRENT_TIMESTAMP,
  `admin_id` bigint DEFAULT NULL,
  `answer_content` varchar(100) DEFAULT NULL,
  `answered_date` date DEFAULT NULL,
  `guest_name` varchar(50) DEFAULT NULL,
  `guest_email` varchar(100) DEFAULT NULL,
  `guest_password` varchar(255) DEFAULT NULL,
  `inquiry_code` varchar(50) DEFAULT NULL,
  `type` varchar(50) NOT NULL,
  PRIMARY KEY (`inquiry_id`),
  UNIQUE KEY `inquiry_code` (`inquiry_code`),
  KEY `fk_inquiry_member` (`member_id`),
  KEY `fk_inquiry_admin` (`admin_id`),
  CONSTRAINT `fk_inquiry_admin` FOREIGN KEY (`admin_id`) REFERENCES `member` (`member_id`),
  CONSTRAINT `fk_inquiry_member` FOREIGN KEY (`member_id`) REFERENCES `member` (`member_id`)
) ENGINE=InnoDB AUTO_INCREMENT=2 DEFAULT CHARSET=utf8mb4 COLLATE=utf8mb4_0900_ai_ci;
/*!40101 SET character_set_client = @saved_cs_client */;

--
-- Dumping data for table `inquiry`
--

LOCK TABLES `inquiry` WRITE;
/*!40000 ALTER TABLE `inquiry` DISABLE KEYS */;
INSERT INTO `inquiry` VALUES (1,1,'탈퇴한 계정의 게시글 처리는 어떻게 되나요?','회원 탈퇴를 하게 되면 예전에 썼던 게시글들도 같이 지워지는지 궁금합니다.','답변완료','2026-05-29 10:12:59',1,'탈퇴 시 본인 게시글은 자동 삭제되지 않으니 미리 삭제 후 탈퇴 바랍니다.','2026-05-26',NULL,NULL,NULL,NULL,'');
/*!40000 ALTER TABLE `inquiry` ENABLE KEYS */;
UNLOCK TABLES;

--
-- Table structure for table `member`
--

DROP TABLE IF EXISTS `member`;
/*!40101 SET @saved_cs_client     = @@character_set_client */;
/*!50503 SET character_set_client = utf8mb4 */;
CREATE TABLE `member` (
  `member_id` bigint NOT NULL AUTO_INCREMENT,
  `login_id` varchar(50) CHARACTER SET utf8mb4 COLLATE utf8mb4_0900_ai_ci DEFAULT NULL,
  `password` varchar(250) CHARACTER SET utf8mb4 COLLATE utf8mb4_0900_ai_ci DEFAULT NULL,
  `nickname` varchar(50) NOT NULL,
  `email` varchar(100) NOT NULL,
  `role` varchar(20) DEFAULT NULL,
  `status` varchar(20) DEFAULT NULL,
  `report_count` int DEFAULT '0',
  `created_date` datetime DEFAULT CURRENT_TIMESTAMP,
  `profile_img` varchar(100) DEFAULT NULL,
  `login_type` varchar(20) DEFAULT 'LOCAL',
  `provider` varchar(20) DEFAULT NULL,
  `provider_id` varchar(100) DEFAULT NULL,
  `name` varchar(50) NOT NULL,
  `member_intro` varchar(500) DEFAULT NULL,
  PRIMARY KEY (`member_id`),
  UNIQUE KEY `nickname` (`nickname`),
  UNIQUE KEY `email` (`email`),
  UNIQUE KEY `login_id` (`login_id`)
) ENGINE=InnoDB AUTO_INCREMENT=3 DEFAULT CHARSET=utf8mb4 COLLATE=utf8mb4_0900_ai_ci;
/*!40101 SET character_set_client = @saved_cs_client */;

--
-- Dumping data for table `member`
--

LOCK TABLES `member` WRITE;
/*!40000 ALTER TABLE `member` DISABLE KEYS */;
INSERT INTO `member` VALUES (1,'chef_gildong','$2a$10$WRBKSJUzg01GoAZFS8XYaeRqeeeSxOvJltS7Hbin56JLDKd6wz2W6','요리왕길동','gildong@example.com','USER','yes',0,'2026-05-29 10:10:34','no_file','LOCAL',NULL,NULL,'홍길동',NULL),(2,'admin','$2a$10$umWJ/KkwKumBTjqaCqC2NeIAX1LnytfeHbcXmiNkE.YtPe9NX6vwu','관리자','admin@example.com','ADMIN','yes',0,'2026-05-29 14:32:08','no_file','LOCAL',NULL,NULL,'관리자',NULL);
/*!40000 ALTER TABLE `member` ENABLE KEYS */;
UNLOCK TABLES;

--
-- Table structure for table `notice`
--

DROP TABLE IF EXISTS `notice`;
/*!40101 SET @saved_cs_client     = @@character_set_client */;
/*!50503 SET character_set_client = utf8mb4 */;
CREATE TABLE `notice` (
  `notice_id` bigint NOT NULL AUTO_INCREMENT,
  `member_id` bigint NOT NULL,
  `title` varchar(200) NOT NULL,
  `content` text NOT NULL,
  `view_count` int DEFAULT '0',
  `created_date` datetime DEFAULT CURRENT_TIMESTAMP,
  PRIMARY KEY (`notice_id`),
  KEY `fk_notice_member` (`member_id`),
  CONSTRAINT `fk_notice_member` FOREIGN KEY (`member_id`) REFERENCES `member` (`member_id`)
) ENGINE=InnoDB AUTO_INCREMENT=2 DEFAULT CHARSET=utf8mb4 COLLATE=utf8mb4_0900_ai_ci;
/*!40101 SET character_set_client = @saved_cs_client */;

--
-- Dumping data for table `notice`
--

LOCK TABLES `notice` WRITE;
/*!40000 ALTER TABLE `notice` DISABLE KEYS */;
INSERT INTO `notice` VALUES (1,1,'[공지] 냉장고 파먹기 서비스 정기 점검 안내 (5/30)','더 안정적인 서비스 제공을 위해 정기 점검이 진행될 예정입니다. 점검 시간에는 서비스 이용이 제한됩니다.',252,'2026-05-29 10:12:59');
/*!40000 ALTER TABLE `notice` ENABLE KEYS */;
UNLOCK TABLES;

--
-- Table structure for table `notice_view`
--

DROP TABLE IF EXISTS `notice_view`;
/*!40101 SET @saved_cs_client     = @@character_set_client */;
/*!50503 SET character_set_client = utf8mb4 */;
CREATE TABLE `notice_view` (
  `notice_id` bigint NOT NULL,
  `member_id` bigint NOT NULL,
  `viewed_date` datetime DEFAULT CURRENT_TIMESTAMP,
  PRIMARY KEY (`notice_id`,`member_id`),
  KEY `member_id` (`member_id`),
  CONSTRAINT `notice_view_ibfk_1` FOREIGN KEY (`notice_id`) REFERENCES `notice` (`notice_id`) ON DELETE CASCADE,
  CONSTRAINT `notice_view_ibfk_2` FOREIGN KEY (`member_id`) REFERENCES `member` (`member_id`) ON DELETE CASCADE
) ENGINE=InnoDB DEFAULT CHARSET=utf8mb4 COLLATE=utf8mb4_0900_ai_ci;
/*!40101 SET character_set_client = @saved_cs_client */;

--
-- Dumping data for table `notice_view`
--

LOCK TABLES `notice_view` WRITE;
/*!40000 ALTER TABLE `notice_view` DISABLE KEYS */;
INSERT INTO `notice_view` VALUES (1,1,'2026-06-02 10:52:44'),(1,2,'2026-06-02 10:51:30');
/*!40000 ALTER TABLE `notice_view` ENABLE KEYS */;
UNLOCK TABLES;

--
-- Table structure for table `nutrition`
--

DROP TABLE IF EXISTS `nutrition`;
/*!40101 SET @saved_cs_client     = @@character_set_client */;
/*!50503 SET character_set_client = utf8mb4 */;
CREATE TABLE `nutrition` (
  `nutrition_id` bigint NOT NULL AUTO_INCREMENT,
  `calories` varchar(50) NOT NULL,
  `fat` varchar(50) NOT NULL,
  `sugar` varchar(50) NOT NULL,
  `protein` varchar(50) NOT NULL,
  `carbohydrates` varchar(50) NOT NULL,
  `sodium` varchar(50) NOT NULL,
  PRIMARY KEY (`nutrition_id`)
) ENGINE=InnoDB AUTO_INCREMENT=3 DEFAULT CHARSET=utf8mb4 COLLATE=utf8mb4_0900_ai_ci;
/*!40101 SET character_set_client = @saved_cs_client */;

--
-- Dumping data for table `nutrition`
--

LOCK TABLES `nutrition` WRITE;
/*!40000 ALTER TABLE `nutrition` DISABLE KEYS */;
INSERT INTO `nutrition` VALUES (1,'450kcal','15g','5g','25g','50g','800mg'),(2,'450kcal','15g','5g','25g','50g','800mg');
/*!40000 ALTER TABLE `nutrition` ENABLE KEYS */;
UNLOCK TABLES;

--
-- Table structure for table `password_reset_token`
--

DROP TABLE IF EXISTS `password_reset_token`;
/*!40101 SET @saved_cs_client     = @@character_set_client */;
/*!50503 SET character_set_client = utf8mb4 */;
CREATE TABLE `password_reset_token` (
  `token_id` bigint NOT NULL AUTO_INCREMENT,
  `member_id` bigint NOT NULL,
  `token` varchar(255) DEFAULT NULL,
  `expire_date` datetime NOT NULL,
  `created_date` datetime NOT NULL DEFAULT CURRENT_TIMESTAMP,
  `used` char(1) NOT NULL DEFAULT 'N',
  PRIMARY KEY (`token_id`),
  UNIQUE KEY `token` (`token`),
  KEY `member_id` (`member_id`),
  CONSTRAINT `password_reset_token_ibfk_1` FOREIGN KEY (`member_id`) REFERENCES `member` (`member_id`) ON DELETE CASCADE
) ENGINE=InnoDB DEFAULT CHARSET=utf8mb4 COLLATE=utf8mb4_0900_ai_ci;
/*!40101 SET character_set_client = @saved_cs_client */;

--
-- Dumping data for table `password_reset_token`
--

LOCK TABLES `password_reset_token` WRITE;
/*!40000 ALTER TABLE `password_reset_token` DISABLE KEYS */;
/*!40000 ALTER TABLE `password_reset_token` ENABLE KEYS */;
UNLOCK TABLES;

--
-- Table structure for table `recipe`
--

DROP TABLE IF EXISTS `recipe`;
/*!40101 SET @saved_cs_client     = @@character_set_client */;
/*!50503 SET character_set_client = utf8mb4 */;
CREATE TABLE `recipe` (
  `recipe_id` bigint NOT NULL AUTO_INCREMENT,
  `title` varchar(255) NOT NULL,
  `thumbnail` varchar(255) DEFAULT NULL,
  `cooking_time` varchar(30) DEFAULT NULL,
  `difficulty` varchar(255) DEFAULT NULL,
  `view_count` int DEFAULT NULL,
  `like_count` int DEFAULT NULL,
  `nutrition_id` bigint NOT NULL,
  `member_id` bigint NOT NULL,
  `category_id` int DEFAULT NULL,
  `status` varchar(20) DEFAULT '정상',
  `created_date` datetime DEFAULT CURRENT_TIMESTAMP,
  `updated_date` datetime DEFAULT NULL,
  `food_id` bigint NOT NULL,
  PRIMARY KEY (`recipe_id`),
  KEY `nutrition_id` (`nutrition_id`),
  KEY `member_id` (`member_id`),
  KEY `category_id` (`category_id`),
  KEY `recipe_ibfk_4` (`food_id`),
  CONSTRAINT `recipe_ibfk_1` FOREIGN KEY (`nutrition_id`) REFERENCES `nutrition` (`nutrition_id`) ON DELETE CASCADE,
  CONSTRAINT `recipe_ibfk_2` FOREIGN KEY (`member_id`) REFERENCES `member` (`member_id`) ON DELETE RESTRICT,
  CONSTRAINT `recipe_ibfk_3` FOREIGN KEY (`category_id`) REFERENCES `category` (`category_id`) ON DELETE RESTRICT,
  CONSTRAINT `recipe_ibfk_4` FOREIGN KEY (`food_id`) REFERENCES `food` (`food_id`) ON DELETE RESTRICT
) ENGINE=InnoDB AUTO_INCREMENT=138 DEFAULT CHARSET=utf8mb4 COLLATE=utf8mb4_0900_ai_ci;
/*!40101 SET character_set_client = @saved_cs_client */;

--
-- Dumping data for table `recipe`
--

LOCK TABLES `recipe` WRITE;
/*!40000 ALTER TABLE `recipe` DISABLE KEYS */;
INSERT INTO `recipe` VALUES (1,'초간단 돼지고기 김치찌개','/images/kimchi_main.jpg','30분','쉬움',150,32,1,1,1,'정상','2026-05-29 10:12:59',NULL,1),(2,'단짠단짠 간장 불고기','/images/bulgogi_main.jpg','20분','보통',85,15,2,1,2,'정상','2026-05-29 10:12:59',NULL,23),(3,'얼큰 김치찌개','/images/r_01.jpg','30분','보통',1500,320,2,1,10,'정상','2026-06-04 07:41:26',NULL,1),(4,'구수한 된장찌개','/images/r_02.jpg','20분','쉬움',1200,210,3,1,10,'정상','2026-06-04 07:41:26',NULL,2),(5,'몽글몽글 순두부찌개','/images/r_03.jpg','15분','보통',1800,450,4,1,10,'정상','2026-06-04 07:41:26',NULL,3),(6,'햄폭탄 부대찌개','/images/r_04.jpg','20분','쉬움',2200,500,9,1,10,'정상','2026-06-04 07:41:26',NULL,4),(7,'생일 미역국','/images/r_05.jpg','40분','보통',900,150,1,1,10,'정상','2026-06-04 07:41:26',NULL,5),(8,'시원한 소고기무국','/images/r_06.jpg','40분','보통',850,140,3,1,10,'정상','2026-06-04 07:41:26',NULL,6),(9,'칼칼한 동태찌개','/images/r_07.jpg','35분','어려움',600,90,5,1,10,'정상','2026-06-04 07:41:26',NULL,7),(10,'몸보신 갈비탕','/images/r_08.jpg','50분','어려움',1100,260,6,1,10,'정상','2026-06-04 07:41:26',NULL,8),(11,'대파 듬뿍 육개장','/images/r_09.jpg','45분','어려움',1350,330,8,1,10,'정상','2026-06-04 07:41:26',NULL,9),(12,'냄새 없는 청국장','/images/r_10.jpg','25분','보통',500,80,7,1,10,'정상','2026-06-04 07:41:26',NULL,10),(13,'매콤달콤 제육볶음','/images/r_11.jpg','15분','쉬움',3000,800,4,1,11,'정상','2026-06-04 07:41:26',NULL,11),(14,'불맛 오징어볶음','/images/r_12.jpg','15분','보통',1400,300,5,1,11,'정상','2026-06-04 07:41:26',NULL,12),(15,'추억의 쏘야볶음','/images/r_13.jpg','10분','아주 쉬움',2500,600,8,1,11,'정상','2026-06-04 07:41:26',NULL,13),(16,'짭짤한 감자조림','/images/r_14.jpg','20분','쉬움',1100,190,3,1,11,'정상','2026-06-04 07:41:26',NULL,14),(17,'밥도둑 고등어조림','/images/r_15.jpg','30분','보통',950,210,6,1,11,'정상','2026-06-04 07:41:26',NULL,15),(18,'남대문 갈치조림','/images/r_16.jpg','35분','어려움',820,170,6,1,11,'정상','2026-06-04 07:41:26',NULL,16),(19,'바삭한 멸치볶음','/images/r_17.jpg','10분','쉬움',1600,240,2,1,11,'정상','2026-06-04 07:41:26',NULL,17),(20,'국민반찬 어묵볶음','/images/r_18.jpg','10분','아주 쉬움',2800,750,3,1,11,'정상','2026-06-04 07:41:26',NULL,18),(21,'춘천 닭갈비','/images/r_19.jpg','25분','보통',1750,400,4,1,11,'정상','2026-06-04 07:41:26',NULL,20),(22,'단짠 돼지갈비찜','/images/r_20.jpg','50분','어려움',1900,550,9,1,11,'정상','2026-06-04 07:41:26',NULL,19),(23,'정통 까르보나라','/images/r_21.jpg','15분','보통',2100,420,6,1,20,'정상','2026-06-04 07:41:26',NULL,32),(24,'매콤 알리오올리오','/images/r_22.jpg','10분','쉬움',3200,890,5,1,20,'정상','2026-06-04 07:41:26',NULL,28),(25,'기본 토마토파스타','/images/r_23.jpg','15분','쉬움',1500,230,3,1,20,'정상','2026-06-04 07:41:26',NULL,29),(26,'꾸덕꾸덕 로제파스타','/images/r_24.jpg','20분','보통',2700,650,4,1,20,'정상','2026-06-04 07:41:26',NULL,30),(27,'시원한 봉골레','/images/r_25.jpg','20분','보통',1800,340,5,1,20,'정상','2026-06-04 07:41:26',NULL,31),(28,'버섯 크림파스타','/images/r_26.jpg','20분','보통',1450,290,6,1,20,'정상','2026-06-04 07:41:26',NULL,32),(29,'감칠맛 명란파스타','/images/r_27.jpg','15분','쉬움',2900,710,5,1,20,'정상','2026-06-04 07:41:26',NULL,33),(30,'아웃백 투움바파스타','/images/r_28.jpg','25분','어려움',3500,950,9,1,20,'정상','2026-06-04 07:41:26',NULL,34),(31,'상큼 냉파스타','/images/r_29.jpg','15분','쉬움',1200,210,2,1,20,'정상','2026-06-04 07:41:26',NULL,35),(32,'겹겹이 라자냐','/images/r_30.jpg','50분','어려움',800,150,8,1,20,'정상','2026-06-04 07:41:26',NULL,36),(33,'부드러운 안심스테이크','/images/r_31.jpg','20분','보통',1550,320,4,1,22,'정상','2026-06-04 07:41:26',NULL,38),(34,'육즙 가득 등심스테이크','/images/r_32.jpg','20분','보통',1400,280,4,1,22,'정상','2026-06-04 07:41:26',NULL,39),(35,'새콤달콤 찹스테이크','/images/r_33.jpg','15분','쉬움',1850,400,5,1,22,'정상','2026-06-04 07:41:26',NULL,40),(36,'육즙팡팡 함박스테이크','/images/r_34.jpg','30분','어려움',1100,250,8,1,22,'정상','2026-06-04 07:41:26',NULL,41),(37,'다이어트 연어스테이크','/images/r_35.jpg','15분','쉬움',2100,480,2,1,22,'정상','2026-06-04 07:41:26',NULL,42),(38,'가성비 목살스테이크','/images/r_36.jpg','25분','보통',2600,620,7,1,22,'정상','2026-06-04 07:41:26',NULL,43),(39,'고급진 양갈비스테이크','/images/r_37.jpg','30분','어려움',900,180,6,1,22,'정상','2026-06-04 07:41:26',NULL,44),(40,'티본스테이크 굽는법','/images/r_38.jpg','25분','어려움',1300,290,9,1,22,'정상','2026-06-04 07:41:26',NULL,45),(41,'매콤 닭다리살스테이크','/images/r_39.jpg','20분','쉬움',2200,510,4,1,22,'정상','2026-06-04 07:41:26',NULL,38),(42,'만화고기 토마호크','/images/r_40.jpg','40분','어려움',1700,430,10,1,22,'정상','2026-06-04 07:41:26',NULL,46),(43,'고슬고슬 볶음밥','/images/r_41.jpg','10분','아주 쉬움',3800,950,4,1,34,'정상','2026-06-04 07:41:26',NULL,51),(44,'매콤 마파두부','/images/r_42.jpg','15분','보통',2400,580,7,1,34,'정상','2026-06-04 07:41:26',NULL,52),(45,'꽃빵과 고추잡채','/images/r_43.jpg','20분','보통',1600,310,6,1,34,'정상','2026-06-04 07:41:26',NULL,53),(46,'고급요리 유산슬','/images/r_44.jpg','30분','어려움',750,120,3,1,34,'정상','2026-06-04 07:41:26',NULL,57),(47,'매콤새콤 깐풍기','/images/r_45.jpg','30분','어려움',1450,290,8,1,34,'정상','2026-06-04 07:41:26',NULL,56),(48,'해물듬뿍 팔보채','/images/r_46.jpg','35분','어려움',680,110,5,1,34,'정상','2026-06-04 07:41:26',NULL,58),(49,'육즙가득 난자완스','/images/r_47.jpg','40분','어려움',520,95,7,1,34,'정상','2026-06-04 07:41:26',NULL,59),(50,'톡쏘는 양장피','/images/r_48.jpg','25분','보통',890,170,3,1,34,'정상','2026-06-04 07:41:26',NULL,60),(51,'얼얼한 마라샹궈','/images/r_49.jpg','20분','쉬움',3100,820,10,1,34,'정상','2026-06-04 07:41:26',NULL,63),(52,'밥도둑 어향가지','/images/r_50.jpg','15분','보통',2250,540,4,1,34,'정상','2026-06-04 07:41:26',NULL,61),(53,'바삭촉촉 가츠동','/images/r_51.jpg','15분','보통',2150,460,6,1,41,'정상','2026-06-04 07:41:26',NULL,65),(54,'달달한 규동','/images/r_52.jpg','15분','쉬움',2800,610,5,1,41,'정상','2026-06-04 07:41:26',NULL,66),(55,'닭고기계란 오야꼬동','/images/r_53.jpg','15분','쉬움',1900,380,4,1,41,'정상','2026-06-04 07:41:26',NULL,67),(56,'튀김가득 텐동','/images/r_54.jpg','30분','어려움',1100,240,8,1,41,'정상','2026-06-04 07:41:26',NULL,68),(57,'입에서녹는 사케동','/images/r_55.jpg','10분','아주 쉬움',3500,920,2,1,41,'정상','2026-06-04 07:41:26',NULL,69),(58,'새우튀김 에비동','/images/r_56.jpg','20분','보통',1650,330,6,1,41,'정상','2026-06-04 07:41:26',NULL,70),(59,'불맛 부타동','/images/r_57.jpg','15분','쉬움',2400,550,7,1,41,'정상','2026-06-04 07:41:26',NULL,71),(60,'참치덮밥 마구로동','/images/r_58.jpg','10분','아주 쉬움',1250,260,2,1,41,'정상','2026-06-04 07:41:26',NULL,72),(61,'장어덮밥 우나기동','/images/r_59.jpg','25분','보통',980,200,5,1,41,'정상','2026-06-04 07:41:26',NULL,73),(62,'다진고기 소보로동','/images/r_60.jpg','15분','쉬움',1400,280,4,1,41,'정상','2026-06-04 07:41:26',NULL,74),(63,'진한 국물 소고기쌀국수','/images/r_61.jpg','20분','보통',2300,490,3,1,50,'정상','2026-06-04 07:41:26',NULL,80),(64,'시원한 해물쌀국수','/images/r_62.jpg','20분','보통',1450,270,3,1,50,'정상','2026-06-04 07:41:26',NULL,81),(65,'담백한 닭고기쌀국수','/images/r_63.jpg','20분','보통',1120,210,2,1,50,'정상','2026-06-04 07:41:26',NULL,82),(66,'얼큰 매운쌀국수','/images/r_64.jpg','20분','보통',1800,380,5,1,50,'정상','2026-06-04 07:41:26',NULL,83),(67,'새콤달콤 똠얌쌀국수','/images/r_65.jpg','25분','어려움',950,180,6,1,50,'정상','2026-06-04 07:41:26',NULL,84),(68,'태국식 볶음쌀국수','/images/r_66.jpg','15분','쉬움',2900,730,4,1,50,'정상','2026-06-04 07:41:26',NULL,85),(69,'베트남식 분짜','/images/r_67.jpg','25분','보통',1700,350,4,1,50,'정상','2026-06-04 07:41:26',NULL,86),(70,'여름별미 냉쌀국수','/images/r_68.jpg','15분','쉬움',1350,260,2,1,50,'정상','2026-06-04 07:41:26',NULL,87),(71,'퓨전 마라쌀국수','/images/r_69.jpg','20분','보통',2600,610,9,1,50,'정상','2026-06-04 07:41:26',NULL,80),(72,'우삼겹 듬뿍 쌀국수','/images/r_70.jpg','20분','쉬움',3100,840,7,1,50,'정상','2026-06-04 07:41:26',NULL,80),(73,'촉촉한 닭가슴살샐러드','/images/r_71.jpg','10분','아주 쉬움',4200,980,1,1,60,'정상','2026-06-04 07:41:26',NULL,92),(74,'홈메이드 리코타치즈샐러드','/images/r_72.jpg','30분','보통',2100,450,4,1,60,'정상','2026-06-04 07:41:26',NULL,93),(75,'훈제 연어샐러드','/images/r_73.jpg','10분','아주 쉬움',2800,620,2,1,60,'정상','2026-06-04 07:41:26',NULL,94),(76,'달콤 단호박샐러드','/images/r_74.jpg','20분','쉬움',1950,410,3,1,60,'정상','2026-06-04 07:41:26',NULL,95),(77,'부드러운 고구마샐러드','/images/r_75.jpg','20분','쉬움',1800,370,3,1,60,'정상','2026-06-04 07:41:26',NULL,96),(78,'알록달록 콥샐러드','/images/r_76.jpg','15분','쉬움',1600,320,5,1,60,'정상','2026-06-04 07:41:26',NULL,97),(79,'상큼 카프레제','/images/r_77.jpg','10분','아주 쉬움',2400,530,2,1,60,'정상','2026-06-04 07:41:26',NULL,98),(80,'바삭한 시저샐러드','/images/r_78.jpg','15분','쉬움',1300,260,6,1,60,'정상','2026-06-04 07:41:26',NULL,99),(81,'숲의버터 아보카도샐러드','/images/r_79.jpg','10분','아주 쉬움',2700,600,4,1,60,'정상','2026-06-04 07:41:26',NULL,100),(82,'발사믹 구운버섯샐러드','/images/r_80.jpg','15분','쉬움',1550,310,2,1,60,'정상','2026-06-04 07:41:26',NULL,101),(83,'3분 뚝딱 계란찜','/images/r_81.jpg','5분','아주 쉬움',4500,990,2,1,71,'정상','2026-06-04 07:41:26',NULL,106),(84,'단짠단짠 마약토스트','/images/r_82.jpg','5분','아주 쉬움',3800,850,5,1,71,'정상','2026-06-04 07:41:26',NULL,104),(85,'횟집 부럽지않은 콘치즈','/images/r_83.jpg','10분','아주 쉬움',3400,770,8,1,71,'정상','2026-06-04 07:41:26',NULL,105),(86,'갓지은 전자레인지밥','/images/r_84.jpg','15분','쉬움',1200,220,3,1,71,'정상','2026-06-04 07:41:26',NULL,22),(87,'신기한 컵라면볶음밥','/images/r_85.jpg','5분','아주 쉬움',4100,920,7,1,71,'정상','2026-06-04 07:41:26',NULL,22),(88,'꾸덕 전자레인지 브라우니','/images/r_86.jpg','10분','쉬움',2900,640,9,1,71,'정상','2026-06-04 07:41:26',NULL,118),(89,'쭉늘어나는 치즈스틱','/images/r_87.jpg','5분','아주 쉬움',1800,350,6,1,71,'정상','2026-06-04 07:41:26',NULL,104),(90,'초간단 고구마맛탕','/images/r_88.jpg','10분','쉬움',2200,460,4,1,71,'정상','2026-06-04 07:41:26',NULL,107),(91,'다이어트 양배추찜','/images/r_89.jpg','10분','아주 쉬움',3300,710,1,1,71,'정상','2026-06-04 07:41:26',NULL,106),(92,'밥도둑 스팸구이','/images/r_90.jpg','5분','아주 쉬움',2600,580,8,1,71,'정상','2026-06-04 07:41:26',NULL,106),(93,'입에서녹는 티라미수','/images/r_91.jpg','20분','보통',3600,850,7,1,85,'정상','2026-06-04 07:41:26',NULL,112),(94,'탱글탱글 푸딩','/images/r_92.jpg','20분','보통',2100,440,4,1,85,'정상','2026-06-04 07:41:26',NULL,108),(95,'이탈리아 판나코타','/images/r_93.jpg','15분','쉬움',1400,270,5,1,85,'정상','2026-06-04 07:41:26',NULL,108),(96,'상큼 생과일타르트','/images/r_94.jpg','30분','보통',1900,390,6,1,85,'정상','2026-06-04 07:41:26',NULL,119),(97,'겹겹이 크레이프케이크','/images/r_95.jpg','40분','어려움',1100,220,8,1,85,'정상','2026-06-04 07:41:26',NULL,118),(98,'투썸스타일 아이스박스','/images/r_96.jpg','15분','쉬움',4300,970,9,1,85,'정상','2026-06-04 07:41:26',NULL,118),(99,'진한 초코무스','/images/r_97.jpg','20분','보통',1750,360,8,1,85,'정상','2026-06-04 07:41:26',NULL,118),(100,'꾸덕 노오븐 치즈케이크','/images/r_98.jpg','25분','보통',2500,540,7,1,85,'정상','2026-06-04 07:41:26',NULL,118),(101,'매그놀리아 바나나푸딩','/images/r_99.jpg','15분','쉬움',2800,620,6,1,85,'정상','2026-06-04 07:41:26',NULL,108),(102,'쫀득 과일모찌','/images/r_100.jpg','25분','보통',1600,310,3,1,85,'정상','2026-06-04 07:41:26',NULL,109),(103,'구수한 차돌 된장찌개','/images/recipe3.jpg','20분','보통',340,55,3,1,10,'정상','2026-06-04 07:41:26',NULL,2),(104,'매콤달콤 제육볶음','/images/recipe4.jpg','15분','쉬움',520,89,4,1,11,'정상','2026-06-04 07:41:26',NULL,11),(105,'꾸덕꾸덕 베이컨 크림 파스타','/images/recipe5.jpg','20분','보통',800,120,5,1,20,'정상','2026-06-04 07:41:26',NULL,32),(106,'겉바속촉 마늘 버터 스테이크','/images/recipe6.jpg','30분','어려움',450,77,6,1,22,'정상','2026-06-04 07:41:26',NULL,38),(107,'얼얼한 마라탕 집에서 만들기','/images/recipe7.jpg','25분','보통',620,95,7,1,39,'정상','2026-06-04 07:41:26',NULL,62),(108,'바삭바삭 꿔바로우','/images/recipe8.jpg','40분','어려움',310,42,8,1,32,'정상','2026-06-04 07:41:26',NULL,54),(109,'입에서 녹는 연어장 덮밥','/images/recipe9.jpg','10분','쉬움',950,210,9,1,41,'정상','2026-06-04 07:41:26',NULL,69),(110,'따끈한 밀푀유 나베','/images/recipe10.jpg','30분','보통',1120,300,10,1,47,'정상','2026-06-04 07:41:26',NULL,78),(111,'현지 맛 그대로, 팟타이','/images/recipe11.jpg','20분','보통',430,66,3,1,56,'정상','2026-06-04 07:41:26',NULL,89),(112,'다이어터 필수! 닭가슴살 샐러드','/images/recipe12.jpg','10분','쉬움',1500,450,5,1,60,'정상','2026-06-04 07:41:26',NULL,92),(113,'포만감 가득 연어 포케','/images/recipe13.jpg','15분','쉬움',890,220,5,1,61,'정상','2026-06-04 07:41:26',NULL,102),(114,'원팬 토마토 리조또','/images/recipe14.jpg','20분','쉬움',410,50,4,1,70,'정상','2026-06-04 07:41:26',NULL,47),(115,'전자레인지 3분 계란찜','/images/recipe15.jpg','5분','아주 쉬움',2200,580,5,1,71,'정상','2026-06-04 07:41:26',NULL,106),(116,'노오븐 티라미수 만들기','/images/recipe16.jpg','30분','보통',740,130,8,1,85,'정상','2026-06-04 07:41:26',NULL,112),(117,'상큼 달콤 레몬 마들렌','/images/recipe17.jpg','45분','어려움',360,45,8,1,95,'정상','2026-06-04 07:41:26',NULL,116),(118,'홈카페용 딸기청 에이드','/images/recipe18.jpg','10분','쉬움',510,88,8,1,101,'정상','2026-06-04 07:41:26',NULL,122),(119,'할머니 손맛 소고기 무국','/images/recipe19.jpg','40분','보통',290,35,3,1,10,'정상','2026-06-04 07:41:26',NULL,6),(120,'맥주 도둑! 버팔로 윙 구이','/images/recipe20.jpg','25분','쉬움',660,110,9,1,3,'정상','2026-06-04 07:41:26',NULL,20),(121,'캠핑 필수 요리 바지락 술찜','/images/recipe21.jpg','15분','쉬움',830,150,4,1,4,'정상','2026-06-04 07:41:26',NULL,5),(122,'아이들이 좋아하는 궁중 떡볶이','/images/recipe22.jpg','20분','보통',470,70,7,1,5,'정상','2026-06-04 07:41:26',NULL,1),(123,'비 오는 날엔 해물파전','/images/recipe23.jpg','20분','보통',900,180,6,1,8,'정상','2026-06-04 07:41:26',NULL,26),(124,'해장에 최고, 콩나물 국밥','/images/recipe24.jpg','15분','쉬움',1050,250,3,1,7,'정상','2026-06-04 07:41:26',NULL,6),(125,'기념일 추천! 감바스 알 아히요','/images/recipe25.jpg','15분','보통',720,140,6,1,9,'정상','2026-06-04 07:41:26',NULL,38),(126,'중국집 불맛 볶음밥','/images/recipe26.jpg','15분','쉬움',580,85,6,1,31,'정상','2026-06-04 07:41:26',NULL,51),(127,'촉촉한 프렌치 토스트','/images/recipe27.jpg','10분','쉬움',640,105,7,1,29,'정상','2026-06-04 07:41:26',NULL,104),(128,'에어프라이어 통삼겹 구이','/images/recipe28.jpg','45분','쉬움',1300,320,11,1,72,'정상','2026-06-04 07:41:26',NULL,24),(129,'새콤달콤 비빔국수','/images/recipe29.jpg','15분','쉬움',760,135,7,1,76,'정상','2026-06-04 07:41:26',NULL,75),(130,'건강한 한 끼, 아보카도 명란 비빔밥','/images/recipe30.jpg','10분','아주 쉬움',920,190,4,1,65,'정상','2026-06-04 07:41:26',NULL,21),(131,'부드러운 에그 타르트','/images/recipe31.jpg','50분','어려움',400,60,8,1,93,'정상','2026-06-04 07:41:26',NULL,119),(132,'수면을 돕는 따뜻한 캐모마일 밀크티','/images/recipe32.jpg','10분','쉬움',180,25,5,1,104,'정상','2026-06-04 07:41:26',NULL,122),(133,'자취생 필수 3분 간장계란밥','/images/quick_01.jpg','3분','아주 쉬움',5400,1200,1,1,74,'정상','2026-06-05 05:51:53',NULL,123),(134,'불 안 쓰는 참치마요 덮밥','/images/quick_02.jpg','5분','아주 쉬움',3200,850,2,1,74,'정상','2026-06-05 05:51:53',NULL,124),(135,'전자레인지 5분 식빵피자','/images/quick_03.jpg','5분','아주 쉬움',4100,930,3,1,73,'정상','2026-06-05 05:51:53',NULL,125),(136,'설거지 1개 끝! 원팬 파스타','/images/quick_04.jpg','15분','쉬움',2900,640,4,1,70,'정상','2026-06-05 05:51:53',NULL,126),(137,'여름엔 역시 초간단 비빔면','/images/quick_05.jpg','10분','아주 쉬움',4800,1100,5,1,76,'정상','2026-06-05 05:51:53',NULL,127);
/*!40000 ALTER TABLE `recipe` ENABLE KEYS */;
UNLOCK TABLES;

--
-- Table structure for table `report`
--

DROP TABLE IF EXISTS `report`;
/*!40101 SET @saved_cs_client     = @@character_set_client */;
/*!50503 SET character_set_client = utf8mb4 */;
CREATE TABLE `report` (
  `report_id` bigint NOT NULL AUTO_INCREMENT,
  `member_id` bigint NOT NULL,
  `target_type` varchar(20) NOT NULL,
  `board_id` bigint NOT NULL,
  `reason` varchar(100) NOT NULL,
  `detail` text,
  `status` varchar(20) DEFAULT NULL,
  `admin_id` bigint DEFAULT NULL,
  `admin_memo` text,
  `created_date` datetime DEFAULT CURRENT_TIMESTAMP,
  `processed_date` datetime DEFAULT NULL,
  PRIMARY KEY (`report_id`),
  KEY `fk_report_member` (`member_id`),
  KEY `fk_report_board` (`board_id`),
  KEY `fk_report_admin` (`admin_id`),
  CONSTRAINT `fk_report_admin` FOREIGN KEY (`admin_id`) REFERENCES `member` (`member_id`),
  CONSTRAINT `fk_report_board` FOREIGN KEY (`board_id`) REFERENCES `board` (`board_id`),
  CONSTRAINT `fk_report_member` FOREIGN KEY (`member_id`) REFERENCES `member` (`member_id`)
) ENGINE=InnoDB AUTO_INCREMENT=2 DEFAULT CHARSET=utf8mb4 COLLATE=utf8mb4_0900_ai_ci;
/*!40101 SET character_set_client = @saved_cs_client */;

--
-- Dumping data for table `report`
--

LOCK TABLES `report` WRITE;
/*!40000 ALTER TABLE `report` DISABLE KEYS */;
INSERT INTO `report` VALUES (1,1,'게시글',1,'광고성 글','댓글 유도 링크가 포함되어 있어 신고합니다.','처리완료',1,'해당 링크 확인 후 게시글 정상 판단하여 기각 처리함.','2026-05-29 10:12:59',NULL);
/*!40000 ALTER TABLE `report` ENABLE KEYS */;
UNLOCK TABLES;

--
-- Table structure for table `web_push_subscription`
--

DROP TABLE IF EXISTS `web_push_subscription`;
/*!40101 SET @saved_cs_client     = @@character_set_client */;
/*!50503 SET character_set_client = utf8mb4 */;
CREATE TABLE `web_push_subscription` (
  `endpoint` varchar(500) NOT NULL,
  `member_id` bigint NOT NULL,
  `p256dh` varchar(200) NOT NULL,
  `auth` varchar(200) NOT NULL,
  `created_at` timestamp NULL DEFAULT CURRENT_TIMESTAMP,
  PRIMARY KEY (`endpoint`),
  KEY `fk_subscription_member` (`member_id`),
  CONSTRAINT `fk_subscription_member` FOREIGN KEY (`member_id`) REFERENCES `member` (`member_id`) ON DELETE CASCADE
) ENGINE=InnoDB DEFAULT CHARSET=utf8mb4 COLLATE=utf8mb4_0900_ai_ci;
/*!40101 SET character_set_client = @saved_cs_client */;

--
-- Dumping data for table `web_push_subscription`
--

LOCK TABLES `web_push_subscription` WRITE;
/*!40000 ALTER TABLE `web_push_subscription` DISABLE KEYS */;
/*!40000 ALTER TABLE `web_push_subscription` ENABLE KEYS */;
UNLOCK TABLES;

--
-- Dumping routines for database 'cook'
--
SET @@SESSION.SQL_LOG_BIN = @MYSQLDUMP_TEMP_LOG_BIN;
/*!40103 SET TIME_ZONE=@OLD_TIME_ZONE */;

/*!40101 SET SQL_MODE=@OLD_SQL_MODE */;
/*!40014 SET FOREIGN_KEY_CHECKS=@OLD_FOREIGN_KEY_CHECKS */;
/*!40014 SET UNIQUE_CHECKS=@OLD_UNIQUE_CHECKS */;
/*!40101 SET CHARACTER_SET_CLIENT=@OLD_CHARACTER_SET_CLIENT */;
/*!40101 SET CHARACTER_SET_RESULTS=@OLD_CHARACTER_SET_RESULTS */;
/*!40101 SET COLLATION_CONNECTION=@OLD_COLLATION_CONNECTION */;
/*!40111 SET SQL_NOTES=@OLD_SQL_NOTES */;

-- Dump completed on 2026-06-12 12:37:46
